,samp,Sample.ID,Site,Site.Name,Region,Project,Objective,Type,Species_sample,Sample.Type,Site.Status,Month,Year,Site_Num,Date,Vulnerable,Epidemic,Endemic,Sediment,Coral,Water,Zone,Types,Vul_coral,End_coral,Epi_coral,Vul_sed,End_sed,Epi_sed,Vul_wat,End_wat,Epi_wat
518.H,518.H_S18,518.H_S18,Site-G,Xesto.Patch,Lower Keys,SWG,cor,Coral,OFAV,Healthy,Vulnerable,May,2018,1,5/8/18,1,1,0,0,1,0,0,0,1,0,0,0,0,0,0,0,0
519.H,519.H_S18,519.H_S18,Site-G,Xesto.Patch,Lower Keys,SWG,cor,Coral,OFAV,Healthy,Vulnerable,May,2018,1,5/8/18,1,1,0,0,1,0,0,0,1,0,0,0,0,0,0,0,0
520.H,520.H_S18,520.H_S18,Site-G,Xesto.Patch,Lower Keys,SWG,cor,Coral,OFAV,Healthy,Vulnerable,May,2018,1,5/8/18,1,1,0,0,1,0,0,0,1,0,0,0,0,0,0,0,0
521.H,521.H_S18,521.H_S18,Site-G,Xesto.Patch,Lower Keys,SWG,cor,Coral,MCAV,Healthy,Vulnerable,May,2018,1,5/8/18,1,1,0,0,1,0,0,0,1,0,0,0,0,0,0,0,0
522.H,522.H_S18,522.H_S18,Site-G,Xesto.Patch,Lower Keys,SWG,cor,Coral,MCAV,Healthy,Vulnerable,May,2018,1,5/8/18,1,1,0,0,1,0,0,0,1,0,0,0,0,0,0,0,0
523.H,523.H_S18,523.H_S18,Site-G,Xesto.Patch,Lower Keys,SWG,cor,Coral,MCAV,Healthy,Vulnerable,May,2018,1,5/8/18,1,1,0,0,1,0,0,0,1,0,0,0,0,0,0,0,0
527.H,527.H_S18,527.H_S18,Site-G,Xesto.Patch,Lower Keys,SWG,cor,Coral,PSTR,Healthy,Vulnerable,May,2018,1,5/8/18,1,1,0,0,1,0,0,0,1,0,0,0,0,0,0,0,0
528.H,528.H_S18,528.H_S18,Site-G,Xesto.Patch,Lower Keys,SWG,cor,Coral,PSTR,Healthy,Vulnerable,May,2018,1,5/8/18,1,1,0,0,1,0,0,0,1,0,0,0,0,0,0,0,0
529.H,529.H_S18,529.H_S18,Site-G,Xesto.Patch,Lower Keys,SWG,cor,Coral,PSTR,Healthy,Vulnerable,May,2018,1,5/8/18,1,1,0,0,1,0,0,0,1,0,0,0,0,0,0,0,0
R3.11.S,R3.11.S_S13,R3.11.S_S13,Site-G,Xesto.Patch,Lower Keys,EPA1,sed,Sediment,Sediment,NA,Vulnerable,June,2018,1,6/28/18,1,1,0,1,0,0,0,3,0,0,0,1,0,0,0,0,0
R3.12.S,R3.12.S_S13,R3.12.S_S13,Site-G,Xesto.Patch,Lower Keys,EPA1,sed,Sediment,Sediment,NA,Vulnerable,June,2018,1,6/28/18,1,1,0,1,0,0,0,3,0,0,0,1,0,0,0,0,0
R3.13.S,R3.13.S_S13,R3.13.S_S13,Site-G,Xesto.Patch,Lower Keys,EPA1,sed,Sediment,Sediment,NA,Vulnerable,June,2018,1,6/28/18,1,1,0,1,0,0,0,3,0,0,0,1,0,0,0,0,0
R3.14.S,R3.14.S_S13,R3.14.S_S13,Site-G,Xesto.Patch,Lower Keys,EPA1,sed,Sediment,Sediment,NA,Vulnerable,June,2018,1,6/28/18,1,1,0,1,0,0,0,3,0,0,0,1,0,0,0,0,0
R3.15.S,R3.15.S_S13,R3.15.S_S13,Site-G,Xesto.Patch,Lower Keys,EPA1,sed,Sediment,Sediment,NA,Vulnerable,June,2018,1,6/28/18,1,1,0,1,0,0,0,3,0,0,0,1,0,0,0,0,0
R3.16.S,R3.16.S_S13,R3.16.S_S13,Site-G,Xesto.Patch,Lower Keys,EPA1,sed,Sediment,Sediment,NA,Vulnerable,June,2018,1,6/28/18,1,1,0,1,0,0,0,3,0,0,0,1,0,0,0,0,0
R3.17.S,R3.17.S_S13,R3.17.S_S13,Site-G,Xesto.Patch,Lower Keys,EPA1,sed,Sediment,Sediment,NA,Vulnerable,June,2018,1,6/28/18,1,1,0,1,0,0,0,3,0,0,0,1,0,0,0,0,0
R3.18.S,R3.18.S_S13,R3.18.S_S13,Site-G,Xesto.Patch,Lower Keys,EPA1,sed,Sediment,Sediment,NA,Vulnerable,June,2018,1,6/28/18,1,1,0,1,0,0,0,3,0,0,0,1,0,0,0,0,0
R3.19.S,R3.19.S_S13,R3.19.S_S13,Site-G,Xesto.Patch,Lower Keys,EPA1,sed,Sediment,Sediment,NA,Vulnerable,June,2018,1,6/28/18,1,1,0,1,0,0,0,3,0,0,0,1,0,0,0,0,0
R3.20.S,R3.20.S_S13,R3.20.S_S13,Site-G,Xesto.Patch,Lower Keys,EPA1,sed,Sediment,Sediment,NA,Vulnerable,June,2018,1,6/28/18,1,1,0,1,0,0,0,3,0,0,0,1,0,0,0,0,0
H1,H1_S18,H1_S18,Site-G,Xesto.Patch,Lower Keys,SWG,water,Water,Water,NA,Vulnerable,May,2018,1,5/8/18,1,1,0,0,0,1,0,2,0,0,0,0,0,0,1,0,0
H2,H2_S18,H2_S18,Site-G,Xesto.Patch,Lower Keys,SWG,water,Water,Water,NA,Vulnerable,May,2018,1,5/8/18,1,1,0,0,0,1,0,2,0,0,0,0,0,0,1,0,0
H3,H3_S18,H3_S18,Site-G,Xesto.Patch,Lower Keys,SWG,water,Water,Water,NA,Vulnerable,May,2018,1,5/8/18,1,1,0,0,0,1,0,2,0,0,0,0,0,0,1,0,0
R3.11.W,R3.11.W_S14,R3.11.W_S14,Site-G,Xesto.Patch,Lower Keys,EPA1,water,Water,Water,NA,Vulnerable,June,2018,1,6/28/18,1,1,0,0,0,1,0,2,0,0,0,0,0,0,1,0,0
R3.12.W,R3.12.W_S14,R3.12.W_S14,Site-G,Xesto.Patch,Lower Keys,EPA1,water,Water,Water,NA,Vulnerable,June,2018,1,6/28/18,1,1,0,0,0,1,0,2,0,0,0,0,0,0,1,0,0
R3.13.W,R3.13.W_S14,R3.13.W_S14,Site-G,Xesto.Patch,Lower Keys,EPA1,water,Water,Water,NA,Vulnerable,June,2018,1,6/28/18,1,1,0,0,0,1,0,2,0,0,0,0,0,0,1,0,0
R3.14.W,R3.14.W_S14,R3.14.W_S14,Site-G,Xesto.Patch,Lower Keys,EPA1,water,Water,Water,NA,Vulnerable,June,2018,1,6/28/18,1,1,0,0,0,1,0,2,0,0,0,0,0,0,1,0,0
R3.15.W,R3.15.W_S14,R3.15.W_S14,Site-G,Xesto.Patch,Lower Keys,EPA1,water,Water,Water,NA,Vulnerable,June,2018,1,6/28/18,1,1,0,0,0,1,0,2,0,0,0,0,0,0,1,0,0
R3.16.W,R3.16.W_S14,R3.16.W_S14,Site-G,Xesto.Patch,Lower Keys,EPA1,water,Water,Water,NA,Vulnerable,June,2018,1,6/28/18,1,1,0,0,0,1,0,2,0,0,0,0,0,0,1,0,0
R3.17.W,R3.17.W_S14,R3.17.W_S14,Site-G,Xesto.Patch,Lower Keys,EPA1,water,Water,Water,NA,Vulnerable,June,2018,1,6/28/18,1,1,0,0,0,1,0,2,0,0,0,0,0,0,1,0,0
R3.18.W,R3.18.W_S14,R3.18.W_S14,Site-G,Xesto.Patch,Lower Keys,EPA1,water,Water,Water,NA,Vulnerable,June,2018,1,6/28/18,1,1,0,0,0,1,0,2,0,0,0,0,0,0,1,0,0
R3.19.W,R3.19.W_S14,R3.19.W_S14,Site-G,Xesto.Patch,Lower Keys,EPA1,water,Water,Water,NA,Vulnerable,June,2018,1,6/28/18,1,1,0,0,0,1,0,2,0,0,0,0,0,0,1,0,0
R3.20.W,R3.20.W_S14,R3.20.W_S14,Site-G,Xesto.Patch,Lower Keys,EPA1,water,Water,Water,NA,Vulnerable,June,2018,1,6/28/18,1,1,0,0,0,1,0,2,0,0,0,0,0,0,1,0,0
533.H,533.H_S18,533.H_S18,Site-H,Lindsays.Patch,Lower Keys,SWG,cor,Coral,OFAV,Healthy,Vulnerable,June,2018,1,6/5/18,1,1,0,0,1,0,0,0,1,0,0,0,0,0,0,0,0
534.H,534.H_S18,534.H_S18,Site-H,Lindsays.Patch,Lower Keys,SWG,cor,Coral,OFAV,Healthy,Vulnerable,June,2018,1,6/5/18,1,1,0,0,1,0,0,0,1,0,0,0,0,0,0,0,0
535.H,535.H_S18,535.H_S18,Site-H,Lindsays.Patch,Lower Keys,SWG,cor,Coral,OFAV,Healthy,Vulnerable,June,2018,1,6/5/18,1,1,0,0,1,0,0,0,1,0,0,0,0,0,0,0,0
536.H,536.H_S18,536.H_S18,Site-H,Lindsays.Patch,Lower Keys,SWG,cor,Coral,MCAV,Healthy,Vulnerable,June,2018,1,6/5/18,1,1,0,0,1,0,0,0,1,0,0,0,0,0,0,0,0
537.H,537.H_S18,537.H_S18,Site-H,Lindsays.Patch,Lower Keys,SWG,cor,Coral,MCAV,Healthy,Vulnerable,June,2018,1,6/5/18,1,1,0,0,1,0,0,0,1,0,0,0,0,0,0,0,0
538.H,538.H_S18,538.H_S18,Site-H,Lindsays.Patch,Lower Keys,SWG,cor,Coral,MCAV,Healthy,Vulnerable,June,2018,1,6/5/18,1,1,0,0,1,0,0,0,1,0,0,0,0,0,0,0,0
542.H,542.H_S18,542.H_S18,Site-H,Lindsays.Patch,Lower Keys,SWG,cor,Coral,PSTR,Healthy,Vulnerable,June,2018,1,6/5/18,1,1,0,0,1,0,0,0,1,0,0,0,0,0,0,0,0
544.H,544.H_S18,544.H_S18,Site-H,Lindsays.Patch,Lower Keys,SWG,cor,Coral,PSTR,Healthy,Vulnerable,June,2018,1,6/5/18,1,1,0,0,1,0,0,0,1,0,0,0,0,0,0,0,0
R3.21.S,R3.21.S_S13,R3.21.S_S13,Site-H,Lindsays.Patch,Lower Keys,EPA1,sed,Sediment,Sediment,NA,Vulnerable,June,2018,1,6/28/18,1,1,0,1,0,0,0,3,0,0,0,1,0,0,0,0,0
R3.22.S,R3.22.S_S13,R3.22.S_S13,Site-H,Lindsays.Patch,Lower Keys,EPA1,sed,Sediment,Sediment,NA,Vulnerable,June,2018,1,6/28/18,1,1,0,1,0,0,0,3,0,0,0,1,0,0,0,0,0
R3.23.S,R3.23.S_S13,R3.23.S_S13,Site-H,Lindsays.Patch,Lower Keys,EPA1,sed,Sediment,Sediment,NA,Vulnerable,June,2018,1,6/28/18,1,1,0,1,0,0,0,3,0,0,0,1,0,0,0,0,0
R3.24.S,R3.24.S_S13,R3.24.S_S13,Site-H,Lindsays.Patch,Lower Keys,EPA1,sed,Sediment,Sediment,NA,Vulnerable,June,2018,1,6/28/18,1,1,0,1,0,0,0,3,0,0,0,1,0,0,0,0,0
R3.25.S,R3.25.S_S13,R3.25.S_S13,Site-H,Lindsays.Patch,Lower Keys,EPA1,sed,Sediment,Sediment,NA,Vulnerable,June,2018,1,6/28/18,1,1,0,1,0,0,0,3,0,0,0,1,0,0,0,0,0
R3.26.S,R3.26.S_S13,R3.26.S_S13,Site-H,Lindsays.Patch,Lower Keys,EPA1,sed,Sediment,Sediment,NA,Vulnerable,June,2018,1,6/28/18,1,1,0,1,0,0,0,3,0,0,0,1,0,0,0,0,0
R3.27.S,R3.27.S_S13,R3.27.S_S13,Site-H,Lindsays.Patch,Lower Keys,EPA1,sed,Sediment,Sediment,NA,Vulnerable,June,2018,1,6/28/18,1,1,0,1,0,0,0,3,0,0,0,1,0,0,0,0,0
R3.28.S,R3.28.S_S13,R3.28.S_S13,Site-H,Lindsays.Patch,Lower Keys,EPA1,sed,Sediment,Sediment,NA,Vulnerable,June,2018,1,6/28/18,1,1,0,1,0,0,0,3,0,0,0,1,0,0,0,0,0
R3.29.S,R3.29.S_S13,R3.29.S_S13,Site-H,Lindsays.Patch,Lower Keys,EPA1,sed,Sediment,Sediment,NA,Vulnerable,June,2018,1,6/28/18,1,1,0,1,0,0,0,3,0,0,0,1,0,0,0,0,0
R3.30.S,R3.30.S_S13,R3.30.S_S13,Site-H,Lindsays.Patch,Lower Keys,EPA1,sed,Sediment,Sediment,NA,Vulnerable,June,2018,1,6/28/18,1,1,0,1,0,0,0,3,0,0,0,1,0,0,0,0,0
G1,G1_S18,G1_S18,Site-H,Lindsays.Patch,Lower Keys,SWG,water,Water,Water,NA,Vulnerable,June,2018,1,6/5/18,1,1,0,0,0,1,0,2,0,0,0,0,0,0,1,0,0
G2,G2_S18,G2_S18,Site-H,Lindsays.Patch,Lower Keys,SWG,water,Water,Water,NA,Vulnerable,June,2018,1,6/5/18,1,1,0,0,0,1,0,2,0,0,0,0,0,0,1,0,0
G3,G3_S18,G3_S18,Site-H,Lindsays.Patch,Lower Keys,SWG,water,Water,Water,NA,Vulnerable,June,2018,1,6/5/18,1,1,0,0,0,1,0,2,0,0,0,0,0,0,1,0,0
R3.21.W,R3.21.W_S14,R3.21.W_S14,Site-H,Lindsays.Patch,Lower Keys,EPA1,water,Water,Water,NA,Vulnerable,June,2018,1,6/28/18,1,1,0,0,0,1,0,2,0,0,0,0,0,0,1,0,0
R3.22.W,R3.22.W_S14,R3.22.W_S14,Site-H,Lindsays.Patch,Lower Keys,EPA1,water,Water,Water,NA,Vulnerable,June,2018,1,6/28/18,1,1,0,0,0,1,0,2,0,0,0,0,0,0,1,0,0
R3.23.W,R3.23.W_S14,R3.23.W_S14,Site-H,Lindsays.Patch,Lower Keys,EPA1,water,Water,Water,NA,Vulnerable,June,2018,1,6/28/18,1,1,0,0,0,1,0,2,0,0,0,0,0,0,1,0,0
R3.24.W,R3.24.W_S14,R3.24.W_S14,Site-H,Lindsays.Patch,Lower Keys,EPA1,water,Water,Water,NA,Vulnerable,June,2018,1,6/28/18,1,1,0,0,0,1,0,2,0,0,0,0,0,0,1,0,0
R3.25.W,R3.25.W_S14,R3.25.W_S14,Site-H,Lindsays.Patch,Lower Keys,EPA1,water,Water,Water,NA,Vulnerable,June,2018,1,6/28/18,1,1,0,0,0,1,0,2,0,0,0,0,0,0,1,0,0
R3.26.W,R3.26.W_S14,R3.26.W_S14,Site-H,Lindsays.Patch,Lower Keys,EPA1,water,Water,Water,NA,Vulnerable,June,2018,1,6/28/18,1,1,0,0,0,1,0,2,0,0,0,0,0,0,1,0,0
R3.27.W,R3.27.W_S14,R3.27.W_S14,Site-H,Lindsays.Patch,Lower Keys,EPA1,water,Water,Water,NA,Vulnerable,June,2018,1,6/28/18,1,1,0,0,0,1,0,2,0,0,0,0,0,0,1,0,0
R3.28.W,R3.28.W_S14,R3.28.W_S14,Site-H,Lindsays.Patch,Lower Keys,EPA1,water,Water,Water,NA,Vulnerable,June,2018,1,6/28/18,1,1,0,0,0,1,0,2,0,0,0,0,0,0,1,0,0
R3.29.W,R3.29.W_S14,R3.29.W_S14,Site-H,Lindsays.Patch,Lower Keys,EPA1,water,Water,Water,NA,Vulnerable,June,2018,1,6/28/18,1,1,0,0,0,1,0,2,0,0,0,0,0,0,1,0,0
R3.30.W,R3.30.W_S14,R3.30.W_S14,Site-H,Lindsays.Patch,Lower Keys,EPA1,water,Water,Water,NA,Vulnerable,June,2018,1,6/28/18,1,1,0,0,0,1,0,2,0,0,0,0,0,0,1,0,0
R3S7A1,R3S7A1_S11,R3S7A1_S11,NA,Cliff.Green,Lower Keys,EPA1,cor,Coral,DSTO,Healthy,Vulnerable,June,2018,1,6/28/18,1,1,0,0,1,0,0,0,1,0,0,0,0,0,0,0,0
R3S7A2,R3S7A2_S11,R3S7A2_S11,NA,Cliff.Green,Lower Keys,EPA1,cor,Coral,DSTO,Healthy,Vulnerable,June,2018,1,6/28/18,1,1,0,0,1,0,0,0,1,0,0,0,0,0,0,0,0
R3S7A3,R3S7A3_S11,R3S7A3_S11,NA,Cliff.Green,Lower Keys,EPA1,cor,Coral,DSTO,Healthy,Vulnerable,June,2018,1,6/28/18,1,1,0,0,1,0,0,0,1,0,0,0,0,0,0,0,0
R3S7A4,R3S7A4_S11,R3S7A4_S11,NA,Cliff.Green,Lower Keys,EPA1,cor,Coral,DSTO,Healthy,Vulnerable,June,2018,1,6/28/18,1,1,0,0,1,0,0,0,1,0,0,0,0,0,0,0,0
R3S7A5,R3S7A5_S11,R3S7A5_S11,NA,Cliff.Green,Lower Keys,EPA1,cor,Coral,DSTO,Healthy,Vulnerable,June,2018,1,6/28/18,1,1,0,0,1,0,0,0,1,0,0,0,0,0,0,0,0
R3S7C1,R3S7C1_S12,R3S7C1_S12,NA,Cliff.Green,Lower Keys,EPA1,cor,Coral,SINT,Healthy,Vulnerable,June,2018,1,6/28/18,1,1,0,0,1,0,0,0,1,0,0,0,0,0,0,0,0
R3S7C2,R3S7C2_S12,R3S7C2_S12,NA,Cliff.Green,Lower Keys,EPA1,cor,Coral,SINT,Healthy,Vulnerable,June,2018,1,6/28/18,1,1,0,0,1,0,0,0,1,0,0,0,0,0,0,0,0
R3S7C3,R3S7C3_S12,R3S7C3_S12,NA,Cliff.Green,Lower Keys,EPA1,cor,Coral,SINT,Healthy,Vulnerable,June,2018,1,6/28/18,1,1,0,0,1,0,0,0,1,0,0,0,0,0,0,0,0
R3S7C4,R3S7C4_S12,R3S7C4_S12,NA,Cliff.Green,Lower Keys,EPA1,cor,Coral,SINT,Healthy,Vulnerable,June,2018,1,6/28/18,1,1,0,0,1,0,0,0,1,0,0,0,0,0,0,0,0
R3S7C5,R3S7C5_S12,R3S7C5_S12,NA,Cliff.Green,Lower Keys,EPA1,cor,Coral,SINT,Healthy,Vulnerable,June,2018,1,6/28/18,1,1,0,0,1,0,0,0,1,0,0,0,0,0,0,0,0
R3.1.S,R3.1.S_S13,R3.1.S_S13,NA,Cliff.Green,Lower Keys,EPA1,sed,Sediment,Sediment,NA,Vulnerable,June,2018,1,6/28/18,1,1,0,1,0,0,0,3,0,0,0,1,0,0,0,0,0
R3.10.S,R3.10.S_S13,R3.10.S_S13,NA,Cliff.Green,Lower Keys,EPA1,sed,Sediment,Sediment,NA,Vulnerable,June,2018,1,6/28/18,1,1,0,1,0,0,0,3,0,0,0,1,0,0,0,0,0
R3.2.S,R3.2.S_S13,R3.2.S_S13,NA,Cliff.Green,Lower Keys,EPA1,sed,Sediment,Sediment,NA,Vulnerable,June,2018,1,6/28/18,1,1,0,1,0,0,0,3,0,0,0,1,0,0,0,0,0
R3.3.S,R3.3.S_S13,R3.3.S_S13,NA,Cliff.Green,Lower Keys,EPA1,sed,Sediment,Sediment,NA,Vulnerable,June,2018,1,6/28/18,1,1,0,1,0,0,0,3,0,0,0,1,0,0,0,0,0
R3.4.S,R3.4.S_S13,R3.4.S_S13,NA,Cliff.Green,Lower Keys,EPA1,sed,Sediment,Sediment,NA,Vulnerable,June,2018,1,6/28/18,1,1,0,1,0,0,0,3,0,0,0,1,0,0,0,0,0
R3.5.S,R3.5.S_S13,R3.5.S_S13,NA,Cliff.Green,Lower Keys,EPA1,sed,Sediment,Sediment,NA,Vulnerable,June,2018,1,6/28/18,1,1,0,1,0,0,0,3,0,0,0,1,0,0,0,0,0
R3.6.S,R3.6.S_S13,R3.6.S_S13,NA,Cliff.Green,Lower Keys,EPA1,sed,Sediment,Sediment,NA,Vulnerable,June,2018,1,6/28/18,1,1,0,1,0,0,0,3,0,0,0,1,0,0,0,0,0
R3.7.S,R3.7.S_S13,R3.7.S_S13,NA,Cliff.Green,Lower Keys,EPA1,sed,Sediment,Sediment,NA,Vulnerable,June,2018,1,6/28/18,1,1,0,1,0,0,0,3,0,0,0,1,0,0,0,0,0
R3.8.S,R3.8.S_S13,R3.8.S_S13,NA,Cliff.Green,Lower Keys,EPA1,sed,Sediment,Sediment,NA,Vulnerable,June,2018,1,6/28/18,1,1,0,1,0,0,0,3,0,0,0,1,0,0,0,0,0
R3.9.S,R3.9.S_S13,R3.9.S_S13,NA,Cliff.Green,Lower Keys,EPA1,sed,Sediment,Sediment,NA,Vulnerable,June,2018,1,6/28/18,1,1,0,1,0,0,0,3,0,0,0,1,0,0,0,0,0
R3.1.W,R3.1.W_S14,R3.1.W_S14,NA,Cliff.Green,Lower Keys,EPA1,water,Water,Water,NA,Vulnerable,June,2018,1,6/28/18,1,1,0,0,0,1,0,2,0,0,0,0,0,0,1,0,0
R3.10.W,R3.10.W_S14,R3.10.W_S14,NA,Cliff.Green,Lower Keys,EPA1,water,Water,Water,NA,Vulnerable,June,2018,1,6/28/18,1,1,0,0,0,1,0,2,0,0,0,0,0,0,1,0,0
R3.2.W,R3.2.W_S14,R3.2.W_S14,NA,Cliff.Green,Lower Keys,EPA1,water,Water,Water,NA,Vulnerable,June,2018,1,6/28/18,1,1,0,0,0,1,0,2,0,0,0,0,0,0,1,0,0
R3.3.W,R3.3.W_S14,R3.3.W_S14,NA,Cliff.Green,Lower Keys,EPA1,water,Water,Water,NA,Vulnerable,June,2018,1,6/28/18,1,1,0,0,0,1,0,2,0,0,0,0,0,0,1,0,0
R3.4.W,R3.4.W_S14,R3.4.W_S14,NA,Cliff.Green,Lower Keys,EPA1,water,Water,Water,NA,Vulnerable,June,2018,1,6/28/18,1,1,0,0,0,1,0,2,0,0,0,0,0,0,1,0,0
R3.5.W,R3.5.W_S14,R3.5.W_S14,NA,Cliff.Green,Lower Keys,EPA1,water,Water,Water,NA,Vulnerable,June,2018,1,6/28/18,1,1,0,0,0,1,0,2,0,0,0,0,0,0,1,0,0
R3.6.W,R3.6.W_S14,R3.6.W_S14,NA,Cliff.Green,Lower Keys,EPA1,water,Water,Water,NA,Vulnerable,June,2018,1,6/28/18,1,1,0,0,0,1,0,2,0,0,0,0,0,0,1,0,0
R3.7.W,R3.7.W_S14,R3.7.W_S14,NA,Cliff.Green,Lower Keys,EPA1,water,Water,Water,NA,Vulnerable,June,2018,1,6/28/18,1,1,0,0,0,1,0,2,0,0,0,0,0,0,1,0,0
R3.8.W,R3.8.W_S14,R3.8.W_S14,NA,Cliff.Green,Lower Keys,EPA1,water,Water,Water,NA,Vulnerable,June,2018,1,6/28/18,1,1,0,0,0,1,0,2,0,0,0,0,0,0,1,0,0
R3.9.W,R3.9.W_S14,R3.9.W_S14,NA,Cliff.Green,Lower Keys,EPA1,water,Water,Water,NA,Vulnerable,June,2018,1,6/28/18,1,1,0,0,0,1,0,2,0,0,0,0,0,0,1,0,0
XP.MCAV11.D,XP.MCAV11.D_S1,XP.MCAV11.D_S1,Site-G,Xesto.Patch,Lower Keys,EPA2,cor,Coral,MCAV,Lesion,Epidemic,February,2020,2,2/11/20,0,1,0,0,1,0,3,0,0,0,1,0,0,0,0,0,0
XP.MCAV11.U,XP.MCAV11.U_S1,XP.MCAV11.U_S1,Site-G,Xesto.Patch,Lower Keys,EPA2,cor,Coral,MCAV,Unaffected,Epidemic,February,2020,2,2/11/20,0,1,0,0,1,0,3,0,0,0,1,0,0,0,0,0,0
XP.MCAV12.D,XP.MCAV12.D_S1,XP.MCAV12.D_S1,Site-G,Xesto.Patch,Lower Keys,EPA2,cor,Coral,MCAV,Lesion,Epidemic,February,2020,2,2/11/20,0,1,0,0,1,0,3,0,0,0,1,0,0,0,0,0,0
XP.MCAV12.U,XP.MCAV12.U_S1,XP.MCAV12.U_S1,Site-G,Xesto.Patch,Lower Keys,EPA2,cor,Coral,MCAV,Unaffected,Epidemic,February,2020,2,2/11/20,0,1,0,0,1,0,3,0,0,0,1,0,0,0,0,0,0
XP.MCAV13.D,XP.MCAV13.D_S1,XP.MCAV13.D_S1,Site-G,Xesto.Patch,Lower Keys,EPA2,cor,Coral,MCAV,Lesion,Epidemic,February,2020,2,2/11/20,0,1,0,0,1,0,3,0,0,0,1,0,0,0,0,0,0
XP.MCAV13.U,XP.MCAV13.U_S1,XP.MCAV13.U_S1,Site-G,Xesto.Patch,Lower Keys,EPA2,cor,Coral,MCAV,Unaffected,Epidemic,February,2020,2,2/11/20,0,1,0,0,1,0,3,0,0,0,1,0,0,0,0,0,0
XP.MCAV14.D,XP.MCAV14.D_S1,XP.MCAV14.D_S1,Site-G,Xesto.Patch,Lower Keys,EPA2,cor,Coral,MCAV,Lesion,Epidemic,February,2020,2,2/11/20,0,1,0,0,1,0,3,0,0,0,1,0,0,0,0,0,0
XP.MCAV14.U,XP.MCAV14.U_S1,XP.MCAV14.U_S1,Site-G,Xesto.Patch,Lower Keys,EPA2,cor,Coral,MCAV,Unaffected,Epidemic,February,2020,2,2/11/20,0,1,0,0,1,0,3,0,0,0,1,0,0,0,0,0,0
XP.MCAV15.D,XP.MCAV15.D_S1,XP.MCAV15.D_S1,Site-G,Xesto.Patch,Lower Keys,EPA2,cor,Coral,MCAV,Lesion,Epidemic,February,2020,2,2/11/20,0,1,0,0,1,0,3,0,0,0,1,0,0,0,0,0,0
XP.MCAV15.U,XP.MCAV15.U_S1,XP.MCAV15.U_S1,Site-G,Xesto.Patch,Lower Keys,EPA2,cor,Coral,MCAV,Unaffected,Epidemic,February,2020,2,2/11/20,0,1,0,0,1,0,3,0,0,0,1,0,0,0,0,0,0
XP.MCAV2.H,XP.MCAV2.H_S1,XP.MCAV2.H_S1,Site-G,Xesto.Patch,Lower Keys,EPA2,cor,Coral,MCAV,Healthy,Epidemic,February,2020,2,2/11/20,0,1,0,0,1,0,3,0,0,0,1,0,0,0,0,0,0
XP.MCAV3.H,XP.MCAV3.H_S1,XP.MCAV3.H_S1,Site-G,Xesto.Patch,Lower Keys,EPA2,cor,Coral,MCAV,Healthy,Epidemic,February,2020,2,2/11/20,0,1,0,0,1,0,3,0,0,0,1,0,0,0,0,0,0
XP.MCAV4.H,XP.MCAV4.H_S1,XP.MCAV4.H_S1,Site-G,Xesto.Patch,Lower Keys,EPA2,cor,Coral,MCAV,Healthy,Epidemic,February,2020,2,2/11/20,0,1,0,0,1,0,3,0,0,0,1,0,0,0,0,0,0
XP.MCAV5.H,XP.MCAV5.H_S1,XP.MCAV5.H_S1,Site-G,Xesto.Patch,Lower Keys,EPA2,cor,Coral,MCAV,Healthy,Epidemic,February,2020,2,2/11/20,0,1,0,0,1,0,3,0,0,0,1,0,0,0,0,0,0
XP.MCAV6.H,XP.MCAV6.H_S1,XP.MCAV6.H_S1,Site-G,Xesto.Patch,Lower Keys,EPA2,cor,Coral,MCAV,Healthy,Epidemic,February,2020,2,2/11/20,0,1,0,0,1,0,3,0,0,0,1,0,0,0,0,0,0
XP.OFAV1.H,XP.OFAV1.H_S1,XP.OFAV1.H_S1,Site-G,Xesto.Patch,Lower Keys,EPA2,cor,Coral,OFAV,Healthy,Epidemic,February,2020,2,2/11/20,0,1,0,0,1,0,3,0,0,0,1,0,0,0,0,0,0
XP.OFAV11.D,XP.OFAV11.D_S1,XP.OFAV11.D_S1,Site-G,Xesto.Patch,Lower Keys,EPA2,cor,Coral,OFAV,Lesion,Epidemic,February,2020,2,2/11/20,0,1,0,0,1,0,3,0,0,0,1,0,0,0,0,0,0
XP.OFAV11.U,XP.OFAV11.U_S1,XP.OFAV11.U_S1,Site-G,Xesto.Patch,Lower Keys,EPA2,cor,Coral,OFAV,Unaffected,Epidemic,February,2020,2,2/11/20,0,1,0,0,1,0,3,0,0,0,1,0,0,0,0,0,0
XP.OFAV2.H,XP.OFAV2.H_S1,XP.OFAV2.H_S1,Site-G,Xesto.Patch,Lower Keys,EPA2,cor,Coral,OFAV,Healthy,Epidemic,February,2020,2,2/11/20,0,1,0,0,1,0,3,0,0,0,1,0,0,0,0,0,0
XP.OFAV3.H,XP.OFAV3.H_S1,XP.OFAV3.H_S1,Site-G,Xesto.Patch,Lower Keys,EPA2,cor,Coral,OFAV,Healthy,Epidemic,February,2020,2,2/11/20,0,1,0,0,1,0,3,0,0,0,1,0,0,0,0,0,0
XP.OFAV4.H,XP.OFAV4.H_S1,XP.OFAV4.H_S1,Site-G,Xesto.Patch,Lower Keys,EPA2,cor,Coral,OFAV,Healthy,Epidemic,February,2020,2,2/11/20,0,1,0,0,1,0,3,0,0,0,1,0,0,0,0,0,0
XP.OFAV5.H,XP.OFAV5.H_S1,XP.OFAV5.H_S1,Site-G,Xesto.Patch,Lower Keys,EPA2,cor,Coral,OFAV,Healthy,Epidemic,February,2020,2,2/11/20,0,1,0,0,1,0,3,0,0,0,1,0,0,0,0,0,0
XP.PSTR1.H,XP.PSTR1.H_S1,XP.PSTR1.H_S1,Site-G,Xesto.Patch,Lower Keys,EPA2,cor,Coral,PSTR,Healthy,Epidemic,February,2020,2,2/11/20,0,1,0,0,1,0,3,0,0,0,1,0,0,0,0,0,0
XP.PSTR2.H,XP.PSTR2.H_S1,XP.PSTR2.H_S1,Site-G,Xesto.Patch,Lower Keys,EPA2,cor,Coral,PSTR,Healthy,Epidemic,February,2020,2,2/11/20,0,1,0,0,1,0,3,0,0,0,1,0,0,0,0,0,0
XP.PSTR12.D,XP.PSTR12.D_S1,XP.PSTR12.D_S1,Site-G,Xesto.Patch,Lower Keys,EPA2,cor,Coral,PSTR,Lesion,Epidemic,February,2020,2,2/11/20,0,1,0,0,1,0,3,0,0,0,1,0,0,0,0,0,0
XP.PSTR12.U,XP.PSTR12.U_S1,XP.PSTR12.U_S1,Site-G,Xesto.Patch,Lower Keys,EPA2,cor,Coral,PSTR,Unaffected,Epidemic,February,2020,2,2/11/20,0,1,0,0,1,0,3,0,0,0,1,0,0,0,0,0,0
XP.PSTR14.D,XP.PSTR14.D_S1,XP.PSTR14.D_S1,Site-G,Xesto.Patch,Lower Keys,EPA2,cor,Coral,PSTR,Lesion,Epidemic,February,2020,2,2/11/20,0,1,0,0,1,0,3,0,0,0,1,0,0,0,0,0,0
XP.PSTR14.U,XP.PSTR14.U_S1,XP.PSTR14.U_S1,Site-G,Xesto.Patch,Lower Keys,EPA2,cor,Coral,PSTR,Unaffected,Epidemic,February,2020,2,2/11/20,0,1,0,0,1,0,3,0,0,0,1,0,0,0,0,0,0
XP.PSTR17.D,XP.PSTR17.D_S1,XP.PSTR17.D_S1,Site-G,Xesto.Patch,Lower Keys,EPA2,cor,Coral,PSTR,Lesion,Epidemic,February,2020,2,2/13/20,0,1,0,0,1,0,3,0,0,0,1,0,0,0,0,0,0
XP.PSTR17.U,XP.PSTR17.U_S1,XP.PSTR17.U_S1,Site-G,Xesto.Patch,Lower Keys,EPA2,cor,Coral,PSTR,Unaffected,Epidemic,February,2020,2,2/13/20,0,1,0,0,1,0,3,0,0,0,1,0,0,0,0,0,0
XP.PSTR18.D,XP.PSTR18.D_S1,XP.PSTR18.D_S1,Site-G,Xesto.Patch,Lower Keys,EPA2,cor,Coral,PSTR,Lesion,Epidemic,February,2020,2,2/13/20,0,1,0,0,1,0,3,0,0,0,1,0,0,0,0,0,0
XP.PSTR18.U,XP.PSTR18.U_S1,XP.PSTR18.U_S1,Site-G,Xesto.Patch,Lower Keys,EPA2,cor,Coral,PSTR,Unaffected,Epidemic,February,2020,2,2/13/20,0,1,0,0,1,0,3,0,0,0,1,0,0,0,0,0,0
XP.PSTR19.D,XP.PSTR19.D_S1,XP.PSTR19.D_S1,Site-G,Xesto.Patch,Lower Keys,EPA2,cor,Coral,PSTR,Lesion,Epidemic,February,2020,2,2/13/20,0,1,0,0,1,0,3,0,0,0,1,0,0,0,0,0,0
XP.PSTR19.U,XP.PSTR19.U_S1,XP.PSTR19.U_S1,Site-G,Xesto.Patch,Lower Keys,EPA2,cor,Coral,PSTR,Unaffected,Epidemic,February,2020,2,2/13/20,0,1,0,0,1,0,3,0,0,0,1,0,0,0,0,0,0
XP.PSTR20.D,XP.PSTR20.D_S1,XP.PSTR20.D_S1,Site-G,Xesto.Patch,Lower Keys,EPA2,cor,Coral,PSTR,Lesion,Epidemic,February,2020,2,2/13/20,0,1,0,0,1,0,3,0,0,0,1,0,0,0,0,0,0
XP.PSTR20.U,XP.PSTR20.U_S1,XP.PSTR20.U_S1,Site-G,Xesto.Patch,Lower Keys,EPA2,cor,Coral,PSTR,Unaffected,Epidemic,February,2020,2,2/13/20,0,1,0,0,1,0,3,0,0,0,1,0,0,0,0,0,0
XP.PSTR4.H,XP.PSTR4.H_S1,XP.PSTR4.H_S1,Site-G,Xesto.Patch,Lower Keys,EPA2,cor,Coral,PSTR,Healthy,Epidemic,February,2020,2,2/11/20,0,1,0,0,1,0,3,0,0,0,1,0,0,0,0,0,0
XP.PSTR5.H,XP.PSTR5.H_S1,XP.PSTR5.H_S1,Site-G,Xesto.Patch,Lower Keys,EPA2,cor,Coral,PSTR,Healthy,Epidemic,February,2020,2,2/11/20,0,1,0,0,1,0,3,0,0,0,1,0,0,0,0,0,0
XP.PSTR6.H,XP.PSTR6.H_S1,XP.PSTR6.H_S1,Site-G,Xesto.Patch,Lower Keys,EPA2,cor,Coral,PSTR,Healthy,Epidemic,February,2020,2,2/11/20,0,1,0,0,1,0,3,0,0,0,1,0,0,0,0,0,0
XP.1.S,XP.1.S_S6,XP.1.S_S6,Site-G,Xesto.Patch,Lower Keys,EPA2,sed,Sediment,Sediment,NA,Epidemic,February,2020,2,2/11/20,0,1,0,1,0,0,3,3,0,0,0,0,0,1,0,0,0
XP.10.S,XP.10.S_S6,XP.10.S_S6,Site-G,Xesto.Patch,Lower Keys,EPA2,sed,Sediment,Sediment,NA,Epidemic,February,2020,2,2/11/20,0,1,0,1,0,0,3,3,0,0,0,0,0,1,0,0,0
XP.11.S,XP.11.S_S6,XP.11.S_S6,Site-G,Xesto.Patch,Lower Keys,EPA2,sed,Sediment,Sediment,NA,Epidemic,February,2020,2,2/11/20,0,1,0,1,0,0,3,3,0,0,0,0,0,1,0,0,0
XP.12.S,XP.12.S_S6,XP.12.S_S6,Site-G,Xesto.Patch,Lower Keys,EPA2,sed,Sediment,Sediment,NA,Epidemic,February,2020,2,2/11/20,0,1,0,1,0,0,3,3,0,0,0,0,0,1,0,0,0
XP.2.S,XP.2.S_S6,XP.2.S_S6,Site-G,Xesto.Patch,Lower Keys,EPA2,sed,Sediment,Sediment,NA,Epidemic,February,2020,2,2/11/20,0,1,0,1,0,0,3,3,0,0,0,0,0,1,0,0,0
XP.3.S,XP.3.S_S6,XP.3.S_S6,Site-G,Xesto.Patch,Lower Keys,EPA2,sed,Sediment,Sediment,NA,Epidemic,February,2020,2,2/11/20,0,1,0,1,0,0,3,3,0,0,0,0,0,1,0,0,0
XP.4.S,XP.4.S_S6,XP.4.S_S6,Site-G,Xesto.Patch,Lower Keys,EPA2,sed,Sediment,Sediment,NA,Epidemic,February,2020,2,2/11/20,0,1,0,1,0,0,3,3,0,0,0,0,0,1,0,0,0
XP.6.S,XP.6.S_S6,XP.6.S_S6,Site-G,Xesto.Patch,Lower Keys,EPA2,sed,Sediment,Sediment,NA,Epidemic,February,2020,2,2/11/20,0,1,0,1,0,0,3,3,0,0,0,0,0,1,0,0,0
XP.8.S,XP.8.S_S6,XP.8.S_S6,Site-G,Xesto.Patch,Lower Keys,EPA2,sed,Sediment,Sediment,NA,Epidemic,February,2020,2,2/11/20,0,1,0,1,0,0,3,3,0,0,0,0,0,1,0,0,0
XP.9.S,XP.9.S_S6,XP.9.S_S6,Site-G,Xesto.Patch,Lower Keys,EPA2,sed,Sediment,Sediment,NA,Epidemic,February,2020,2,2/11/20,0,1,0,1,0,0,3,3,0,0,0,0,0,1,0,0,0
XP.1.W,XP.1.W_S7,XP.1.W_S7,Site-G,Xesto.Patch,Lower Keys,EPA2,water,Water,Water,NA,Epidemic,February,2020,2,2/11/20,0,1,0,0,0,1,3,2,0,0,0,0,0,0,0,0,1
XP.10.W,XP.10.W_S7,XP.10.W_S7,Site-G,Xesto.Patch,Lower Keys,EPA2,water,Water,Water,NA,Epidemic,February,2020,2,2/11/20,0,1,0,0,0,1,3,2,0,0,0,0,0,0,0,0,1
XP.11.W,XP.11.W_S7,XP.11.W_S7,Site-G,Xesto.Patch,Lower Keys,EPA2,water,Water,Water,NA,Epidemic,February,2020,2,2/11/20,0,1,0,0,0,1,3,2,0,0,0,0,0,0,0,0,1
XP.12.W,XP.12.W_S7,XP.12.W_S7,Site-G,Xesto.Patch,Lower Keys,EPA2,water,Water,Water,NA,Epidemic,February,2020,2,2/11/20,0,1,0,0,0,1,3,2,0,0,0,0,0,0,0,0,1
XP.2.W,XP.2.W_S7,XP.2.W_S7,Site-G,Xesto.Patch,Lower Keys,EPA2,water,Water,Water,NA,Epidemic,February,2020,2,2/11/20,0,1,0,0,0,1,3,2,0,0,0,0,0,0,0,0,1
XP.3.W,XP.3.W_S7,XP.3.W_S7,Site-G,Xesto.Patch,Lower Keys,EPA2,water,Water,Water,NA,Epidemic,February,2020,2,2/11/20,0,1,0,0,0,1,3,2,0,0,0,0,0,0,0,0,1
XP.4.W,XP.4.W_S7,XP.4.W_S7,Site-G,Xesto.Patch,Lower Keys,EPA2,water,Water,Water,NA,Epidemic,February,2020,2,2/11/20,0,1,0,0,0,1,3,2,0,0,0,0,0,0,0,0,1
XP.5.W,XP.5.W_S7,XP.5.W_S7,Site-G,Xesto.Patch,Lower Keys,EPA2,water,Water,Water,NA,Epidemic,February,2020,2,2/11/20,0,1,0,0,0,1,3,2,0,0,0,0,0,0,0,0,1
XP.8.W,XP.8.W_S7,XP.8.W_S7,Site-G,Xesto.Patch,Lower Keys,EPA2,water,Water,Water,NA,Epidemic,February,2020,2,2/11/20,0,1,0,0,0,1,3,2,0,0,0,0,0,0,0,0,1
XP.9.W,XP.9.W_S7,XP.9.W_S7,Site-G,Xesto.Patch,Lower Keys,EPA2,water,Water,Water,NA,Epidemic,February,2020,2,2/11/20,0,1,0,0,0,1,3,2,0,0,0,0,0,0,0,0,1
LP.MCAV1.H,LP.MCAV1.H_S1,LP.MCAV1.H_S1,Site-H,Lindsays.Patch,Lower Keys,EPA2,cor,Coral,MCAV,Healthy,Epidemic,February,2020,2,2/12/20,0,1,0,0,1,0,3,0,0,0,1,0,0,0,0,0,0
LP.MCAV2.H,LP.MCAV2.H_S1,LP.MCAV2.H_S1,Site-H,Lindsays.Patch,Lower Keys,EPA2,cor,Coral,MCAV,Healthy,Epidemic,February,2020,2,2/12/20,0,1,0,0,1,0,3,0,0,0,1,0,0,0,0,0,0
LP.MCAV5.H,LP.MCAV5.H_S1,LP.MCAV5.H_S1,Site-H,Lindsays.Patch,Lower Keys,EPA2,cor,Coral,MCAV,Healthy,Epidemic,February,2020,2,2/12/20,0,1,0,0,1,0,3,0,0,0,1,0,0,0,0,0,0
LP.MCAV6.H,LP.MCAV6.H_S1,LP.MCAV6.H_S1,Site-H,Lindsays.Patch,Lower Keys,EPA2,cor,Coral,MCAV,Healthy,Epidemic,February,2020,2,2/12/20,0,1,0,0,1,0,3,0,0,0,1,0,0,0,0,0,0
LP.MCAV7.H,LP.MCAV7.H_S1,LP.MCAV7.H_S1,Site-H,Lindsays.Patch,Lower Keys,EPA2,cor,Coral,MCAV,Healthy,Epidemic,February,2020,2,2/13/20,0,1,0,0,1,0,3,0,0,0,1,0,0,0,0,0,0
LP.MCAV11.D,LP.MCAV11.D_S2,LP.MCAV11.D_S2,Site-H,Lindsays.Patch,Lower Keys,EPA2,cor,Coral,MCAV,Lesion,Epidemic,February,2020,2,2/12/20,0,1,0,0,1,0,3,0,0,0,1,0,0,0,0,0,0
LP.MCAV11.U,LP.MCAV11.U_S2,LP.MCAV11.U_S2,Site-H,Lindsays.Patch,Lower Keys,EPA2,cor,Coral,MCAV,Unaffected,Epidemic,February,2020,2,2/12/20,0,1,0,0,1,0,3,0,0,0,1,0,0,0,0,0,0
LP.MCAV12.D,LP.MCAV12.D_S2,LP.MCAV12.D_S2,Site-H,Lindsays.Patch,Lower Keys,EPA2,cor,Coral,MCAV,Lesion,Epidemic,February,2020,2,2/12/20,0,1,0,0,1,0,3,0,0,0,1,0,0,0,0,0,0
LP.MCAV12.U,LP.MCAV12.U_S2,LP.MCAV12.U_S2,Site-H,Lindsays.Patch,Lower Keys,EPA2,cor,Coral,MCAV,Unaffected,Epidemic,February,2020,2,2/12/20,0,1,0,0,1,0,3,0,0,0,1,0,0,0,0,0,0
LP.MCAV14.D,LP.MCAV14.D_S2,LP.MCAV14.D_S2,Site-H,Lindsays.Patch,Lower Keys,EPA2,cor,Coral,MCAV,Lesion,Epidemic,February,2020,2,2/12/20,0,1,0,0,1,0,3,0,0,0,1,0,0,0,0,0,0
LP.MCAV14.U,LP.MCAV14.U_S2,LP.MCAV14.U_S2,Site-H,Lindsays.Patch,Lower Keys,EPA2,cor,Coral,MCAV,Unaffected,Epidemic,February,2020,2,2/12/20,0,1,0,0,1,0,3,0,0,0,1,0,0,0,0,0,0
LP.MCAV15.D,LP.MCAV15.D_S2,LP.MCAV15.D_S2,Site-H,Lindsays.Patch,Lower Keys,EPA2,cor,Coral,MCAV,Lesion,Epidemic,February,2020,2,2/12/20,0,1,0,0,1,0,3,0,0,0,1,0,0,0,0,0,0
LP.MCAV15.U,LP.MCAV15.U_S2,LP.MCAV15.U_S2,Site-H,Lindsays.Patch,Lower Keys,EPA2,cor,Coral,MCAV,Unaffected,Epidemic,February,2020,2,2/12/20,0,1,0,0,1,0,3,0,0,0,1,0,0,0,0,0,0
LP.MCAV16.D,LP.MCAV16.D_S2,LP.MCAV16.D_S2,Site-H,Lindsays.Patch,Lower Keys,EPA2,cor,Coral,MCAV,Lesion,Epidemic,February,2020,2,2/12/20,0,1,0,0,1,0,3,0,0,0,1,0,0,0,0,0,0
LP.MCAV16.U,LP.MCAV16.U_S2,LP.MCAV16.U_S2,Site-H,Lindsays.Patch,Lower Keys,EPA2,cor,Coral,MCAV,Unaffected,Epidemic,February,2020,2,2/12/20,0,1,0,0,1,0,3,0,0,0,1,0,0,0,0,0,0
LP.OFAV1.H,LP.OFAV1.H_S2,LP.OFAV1.H_S2,Site-H,Lindsays.Patch,Lower Keys,EPA2,cor,Coral,OFAV,Healthy,Epidemic,February,2020,2,2/12/20,0,1,0,0,1,0,3,0,0,0,1,0,0,0,0,0,0
LP.OFAV2.H,LP.OFAV2.H_S2,LP.OFAV2.H_S2,Site-H,Lindsays.Patch,Lower Keys,EPA2,cor,Coral,OFAV,Healthy,Epidemic,February,2020,2,2/12/20,0,1,0,0,1,0,3,0,0,0,1,0,0,0,0,0,0
LP.OFAV3.H,LP.OFAV3.H_S2,LP.OFAV3.H_S2,Site-H,Lindsays.Patch,Lower Keys,EPA2,cor,Coral,OFAV,Healthy,Epidemic,February,2020,2,2/12/20,0,1,0,0,1,0,3,0,0,0,1,0,0,0,0,0,0
LP.OFAV4.H,LP.OFAV4.H_S2,LP.OFAV4.H_S2,Site-H,Lindsays.Patch,Lower Keys,EPA2,cor,Coral,OFAV,Healthy,Epidemic,February,2020,2,2/12/20,0,1,0,0,1,0,3,0,0,0,1,0,0,0,0,0,0
LP.OFAV5.H,LP.OFAV5.H_S2,LP.OFAV5.H_S2,Site-H,Lindsays.Patch,Lower Keys,EPA2,cor,Coral,OFAV,Healthy,Epidemic,February,2020,2,2/12/20,0,1,0,0,1,0,3,0,0,0,1,0,0,0,0,0,0
LP.OFAV6.H,LP.OFAV6.H_S2,LP.OFAV6.H_S2,Site-H,Lindsays.Patch,Lower Keys,EPA2,cor,Coral,OFAV,Healthy,Epidemic,February,2020,2,2/12/20,0,1,0,0,1,0,3,0,0,0,1,0,0,0,0,0,0
LP.OFAV11.D,LP.OFAV11.D_S2,LP.OFAV11.D_S2,Site-H,Lindsays.Patch,Lower Keys,EPA2,cor,Coral,OFAV,Lesion,Epidemic,February,2020,2,2/12/20,0,1,0,0,1,0,3,0,0,0,1,0,0,0,0,0,0
LP.OFAV11.U,LP.OFAV11.U_S2,LP.OFAV11.U_S2,Site-H,Lindsays.Patch,Lower Keys,EPA2,cor,Coral,OFAV,Unaffected,Epidemic,February,2020,2,2/12/20,0,1,0,0,1,0,3,0,0,0,1,0,0,0,0,0,0
LP.OFAV12.D,LP.OFAV12.D_S2,LP.OFAV12.D_S2,Site-H,Lindsays.Patch,Lower Keys,EPA2,cor,Coral,OFAV,Lesion,Epidemic,February,2020,2,2/12/20,0,1,0,0,1,0,3,0,0,0,1,0,0,0,0,0,0
LP.OFAV12.U,LP.OFAV12.U_S2,LP.OFAV12.U_S2,Site-H,Lindsays.Patch,Lower Keys,EPA2,cor,Coral,OFAV,Unaffected,Epidemic,February,2020,2,2/12/20,0,1,0,0,1,0,3,0,0,0,1,0,0,0,0,0,0
LP.OFAV13.D,LP.OFAV13.D_S2,LP.OFAV13.D_S2,Site-H,Lindsays.Patch,Lower Keys,EPA2,cor,Coral,OFAV,Lesion,Epidemic,February,2020,2,2/12/20,0,1,0,0,1,0,3,0,0,0,1,0,0,0,0,0,0
LP.OFAV13.U,LP.OFAV13.U_S2,LP.OFAV13.U_S2,Site-H,Lindsays.Patch,Lower Keys,EPA2,cor,Coral,OFAV,Unaffected,Epidemic,February,2020,2,2/12/20,0,1,0,0,1,0,3,0,0,0,1,0,0,0,0,0,0
LP.OFAV14.D,LP.OFAV14.D_S2,LP.OFAV14.D_S2,Site-H,Lindsays.Patch,Lower Keys,EPA2,cor,Coral,OFAV,Lesion,Epidemic,February,2020,2,2/12/20,0,1,0,0,1,0,3,0,0,0,1,0,0,0,0,0,0
LP.OFAV14.U,LP.OFAV14.U_S2,LP.OFAV14.U_S2,Site-H,Lindsays.Patch,Lower Keys,EPA2,cor,Coral,OFAV,Unaffected,Epidemic,February,2020,2,2/12/20,0,1,0,0,1,0,3,0,0,0,1,0,0,0,0,0,0
LP.OFAV15.D,LP.OFAV15.D_S2,LP.OFAV15.D_S2,Site-H,Lindsays.Patch,Lower Keys,EPA2,cor,Coral,OFAV,Lesion,Epidemic,February,2020,2,2/12/20,0,1,0,0,1,0,3,0,0,0,1,0,0,0,0,0,0
LP.OFAV15.U,LP.OFAV15.U_S2,LP.OFAV15.U_S2,Site-H,Lindsays.Patch,Lower Keys,EPA2,cor,Coral,OFAV,Unaffected,Epidemic,February,2020,2,2/12/20,0,1,0,0,1,0,3,0,0,0,1,0,0,0,0,0,0
LP.PSTR1.H,LP.PSTR1.H_S2,LP.PSTR1.H_S2,Site-H,Lindsays.Patch,Lower Keys,EPA2,cor,Coral,PSTR,Healthy,Epidemic,February,2020,2,2/12/20,0,1,0,0,1,0,3,0,0,0,1,0,0,0,0,0,0
LP.PSTR3.H,LP.PSTR3.H_S2,LP.PSTR3.H_S2,Site-H,Lindsays.Patch,Lower Keys,EPA2,cor,Coral,PSTR,Healthy,Epidemic,February,2020,2,2/12/20,0,1,0,0,1,0,3,0,0,0,1,0,0,0,0,0,0
LP.PSTR4.H,LP.PSTR4.H_S2,LP.PSTR4.H_S2,Site-H,Lindsays.Patch,Lower Keys,EPA2,cor,Coral,PSTR,Healthy,Epidemic,February,2020,2,2/12/20,0,1,0,0,1,0,3,0,0,0,1,0,0,0,0,0,0
LP.PSTR5.H,LP.PSTR5.H_S2,LP.PSTR5.H_S2,Site-H,Lindsays.Patch,Lower Keys,EPA2,cor,Coral,PSTR,Healthy,Epidemic,February,2020,2,2/12/20,0,1,0,0,1,0,3,0,0,0,1,0,0,0,0,0,0
LP.PSTR6.H,LP.PSTR6.H_S2,LP.PSTR6.H_S2,Site-H,Lindsays.Patch,Lower Keys,EPA2,cor,Coral,PSTR,Healthy,Epidemic,February,2020,2,2/12/20,0,1,0,0,1,0,3,0,0,0,1,0,0,0,0,0,0
LP.PSTR11.D,LP.PSTR11.D_S2,LP.PSTR11.D_S2,Site-H,Lindsays.Patch,Lower Keys,EPA2,cor,Coral,PSTR,Lesion,Epidemic,February,2020,2,2/12/20,0,1,0,0,1,0,3,0,0,0,1,0,0,0,0,0,0
LP.PSTR11.U,LP.PSTR11.U_S2,LP.PSTR11.U_S2,Site-H,Lindsays.Patch,Lower Keys,EPA2,cor,Coral,PSTR,Unaffected,Epidemic,February,2020,2,2/12/20,0,1,0,0,1,0,3,0,0,0,1,0,0,0,0,0,0
LP.PSTR12.D,LP.PSTR12.D_S2,LP.PSTR12.D_S2,Site-H,Lindsays.Patch,Lower Keys,EPA2,cor,Coral,PSTR,Lesion,Epidemic,February,2020,2,2/12/20,0,1,0,0,1,0,3,0,0,0,1,0,0,0,0,0,0
LP.PSTR12.U,LP.PSTR12.U_S2,LP.PSTR12.U_S2,Site-H,Lindsays.Patch,Lower Keys,EPA2,cor,Coral,PSTR,Unaffected,Epidemic,February,2020,2,2/12/20,0,1,0,0,1,0,3,0,0,0,1,0,0,0,0,0,0
LP.PSTR13.D,LP.PSTR13.D_S2,LP.PSTR13.D_S2,Site-H,Lindsays.Patch,Lower Keys,EPA2,cor,Coral,PSTR,Lesion,Epidemic,February,2020,2,2/12/20,0,1,0,0,1,0,3,0,0,0,1,0,0,0,0,0,0
LP.PSTR14.D,LP.PSTR14.D_S2,LP.PSTR14.D_S2,Site-H,Lindsays.Patch,Lower Keys,EPA2,cor,Coral,PSTR,Lesion,Epidemic,February,2020,2,2/12/20,0,1,0,0,1,0,3,0,0,0,1,0,0,0,0,0,0
LP.PSTR14.U,LP.PSTR14.U_S2,LP.PSTR14.U_S2,Site-H,Lindsays.Patch,Lower Keys,EPA2,cor,Coral,PSTR,Unaffected,Epidemic,February,2020,2,2/12/20,0,1,0,0,1,0,3,0,0,0,1,0,0,0,0,0,0
LP.PSTR15.D,LP.PSTR15.D_S2,LP.PSTR15.D_S2,Site-H,Lindsays.Patch,Lower Keys,EPA2,cor,Coral,PSTR,Lesion,Epidemic,February,2020,2,2/12/20,0,1,0,0,1,0,3,0,0,0,1,0,0,0,0,0,0
LP.PSTR15.U,LP.PSTR15.U_S2,LP.PSTR15.U_S2,Site-H,Lindsays.Patch,Lower Keys,EPA2,cor,Coral,PSTR,Unaffected,Epidemic,February,2020,2,2/12/20,0,1,0,0,1,0,3,0,0,0,1,0,0,0,0,0,0
LP.PSTR17.D,LP.PSTR17.D_S2,LP.PSTR17.D_S2,Site-H,Lindsays.Patch,Lower Keys,EPA2,cor,Coral,PSTR,Lesion,Epidemic,February,2020,2,2/13/20,0,1,0,0,1,0,3,0,0,0,1,0,0,0,0,0,0
LP.PSTR17.U,LP.PSTR17.U_S2,LP.PSTR17.U_S2,Site-H,Lindsays.Patch,Lower Keys,EPA2,cor,Coral,PSTR,Unaffected,Epidemic,February,2020,2,2/13/20,0,1,0,0,1,0,3,0,0,0,1,0,0,0,0,0,0
LP.1.S,LP.1.S_S6,LP.1.S_S6,Site-H,Lindsays.Patch,Lower Keys,EPA2,sed,Sediment,Sediment,NA,Epidemic,February,2020,2,2/12/20,0,1,0,1,0,0,3,3,0,0,0,0,0,1,0,0,0
LP.10.S,LP.10.S_S6,LP.10.S_S6,Site-H,Lindsays.Patch,Lower Keys,EPA2,sed,Sediment,Sediment,NA,Epidemic,February,2020,2,2/12/20,0,1,0,1,0,0,3,3,0,0,0,0,0,1,0,0,0
LP.11.S,LP.11.S_S6,LP.11.S_S6,Site-H,Lindsays.Patch,Lower Keys,EPA2,sed,Sediment,Sediment,NA,Epidemic,February,2020,2,2/12/20,0,1,0,1,0,0,3,3,0,0,0,0,0,1,0,0,0
LP.12.S,LP.12.S_S6,LP.12.S_S6,Site-H,Lindsays.Patch,Lower Keys,EPA2,sed,Sediment,Sediment,NA,Epidemic,February,2020,2,2/12/20,0,1,0,1,0,0,3,3,0,0,0,0,0,1,0,0,0
LP.2.S,LP.2.S_S6,LP.2.S_S6,Site-H,Lindsays.Patch,Lower Keys,EPA2,sed,Sediment,Sediment,NA,Epidemic,February,2020,2,2/12/20,0,1,0,1,0,0,3,3,0,0,0,0,0,1,0,0,0
LP.4.S,LP.4.S_S6,LP.4.S_S6,Site-H,Lindsays.Patch,Lower Keys,EPA2,sed,Sediment,Sediment,NA,Epidemic,February,2020,2,2/12/20,0,1,0,1,0,0,3,3,0,0,0,0,0,1,0,0,0
LP.5.S,LP.5.S_S6,LP.5.S_S6,Site-H,Lindsays.Patch,Lower Keys,EPA2,sed,Sediment,Sediment,NA,Epidemic,February,2020,2,2/12/20,0,1,0,1,0,0,3,3,0,0,0,0,0,1,0,0,0
LP.6.S,LP.6.S_S6,LP.6.S_S6,Site-H,Lindsays.Patch,Lower Keys,EPA2,sed,Sediment,Sediment,NA,Epidemic,February,2020,2,2/12/20,0,1,0,1,0,0,3,3,0,0,0,0,0,1,0,0,0
LP.7.S,LP.7.S_S6,LP.7.S_S6,Site-H,Lindsays.Patch,Lower Keys,EPA2,sed,Sediment,Sediment,NA,Epidemic,February,2020,2,2/12/20,0,1,0,1,0,0,3,3,0,0,0,0,0,1,0,0,0
LP.8.S,LP.8.S_S6,LP.8.S_S6,Site-H,Lindsays.Patch,Lower Keys,EPA2,sed,Sediment,Sediment,NA,Epidemic,February,2020,2,2/12/20,0,1,0,1,0,0,3,3,0,0,0,0,0,1,0,0,0
LP.10.W,LP.10.W_S7,LP.10.W_S7,Site-H,Lindsays.Patch,Lower Keys,EPA2,water,Water,Water,NA,Epidemic,February,2020,2,2/12/20,0,1,0,0,0,1,3,2,0,0,0,0,0,0,0,0,1
LP.11.W,LP.11.W_S8,LP.11.W_S8,Site-H,Lindsays.Patch,Lower Keys,EPA2,water,Water,Water,NA,Epidemic,February,2020,2,2/12/20,0,1,0,0,0,1,3,2,0,0,0,0,0,0,0,0,1
LP.12.W,LP.12.W_S8,LP.12.W_S8,Site-H,Lindsays.Patch,Lower Keys,EPA2,water,Water,Water,NA,Epidemic,February,2020,2,2/12/20,0,1,0,0,0,1,3,2,0,0,0,0,0,0,0,0,1
LP.2.W,LP.2.W_S7,LP.2.W_S7,Site-H,Lindsays.Patch,Lower Keys,EPA2,water,Water,Water,NA,Epidemic,February,2020,2,2/12/20,0,1,0,0,0,1,3,2,0,0,0,0,0,0,0,0,1
LP.3.W,LP.3.W_S7,LP.3.W_S7,Site-H,Lindsays.Patch,Lower Keys,EPA2,water,Water,Water,NA,Epidemic,February,2020,2,2/12/20,0,1,0,0,0,1,3,2,0,0,0,0,0,0,0,0,1
LP.4.W,LP.4.W_S7,LP.4.W_S7,Site-H,Lindsays.Patch,Lower Keys,EPA2,water,Water,Water,NA,Epidemic,February,2020,2,2/12/20,0,1,0,0,0,1,3,2,0,0,0,0,0,0,0,0,1
LP.6.W,LP.6.W_S7,LP.6.W_S7,Site-H,Lindsays.Patch,Lower Keys,EPA2,water,Water,Water,NA,Epidemic,February,2020,2,2/12/20,0,1,0,0,0,1,3,2,0,0,0,0,0,0,0,0,1
LP.7.W,LP.7.W_S7,LP.7.W_S7,Site-H,Lindsays.Patch,Lower Keys,EPA2,water,Water,Water,NA,Epidemic,February,2020,2,2/12/20,0,1,0,0,0,1,3,2,0,0,0,0,0,0,0,0,1
LP.8.W,LP.8.W_S7,LP.8.W_S7,Site-H,Lindsays.Patch,Lower Keys,EPA2,water,Water,Water,NA,Epidemic,February,2020,2,2/12/20,0,1,0,0,0,1,3,2,0,0,0,0,0,0,0,0,1
LP.9.W,LP.9.W_S7,LP.9.W_S7,Site-H,Lindsays.Patch,Lower Keys,EPA2,water,Water,Water,NA,Epidemic,February,2020,2,2/12/20,0,1,0,0,0,1,3,2,0,0,0,0,0,0,0,0,1
CG.DSTO1.H,CG.DSTO1.H_S3,CG.DSTO1.H_S3,NA,Cliff.Green,Lower Keys,EPA2,cor,Coral,DSTO,Healthy,Epidemic,February,2020,2,2/14/20,0,1,0,0,1,0,3,0,0,0,1,0,0,0,0,0,0
CG.DSTO3.H,CG.DSTO3.H_S3,CG.DSTO3.H_S3,NA,Cliff.Green,Lower Keys,EPA2,cor,Coral,DSTO,Healthy,Epidemic,February,2020,2,2/14/20,0,1,0,0,1,0,3,0,0,0,1,0,0,0,0,0,0
CG.DSTO4.H,CG.DSTO4.H_S3,CG.DSTO4.H_S3,NA,Cliff.Green,Lower Keys,EPA2,cor,Coral,DSTO,Healthy,Epidemic,February,2020,2,2/14/20,0,1,0,0,1,0,3,0,0,0,1,0,0,0,0,0,0
CG.DSTO5.H,CG.DSTO5.H_S3,CG.DSTO5.H_S3,NA,Cliff.Green,Lower Keys,EPA2,cor,Coral,DSTO,Healthy,Epidemic,February,2020,2,2/14/20,0,1,0,0,1,0,3,0,0,0,1,0,0,0,0,0,0
CG.DSTO6.H,CG.DSTO6.H_S3,CG.DSTO6.H_S3,NA,Cliff.Green,Lower Keys,EPA2,cor,Coral,DSTO,Healthy,Epidemic,February,2020,2,2/14/20,0,1,0,0,1,0,3,0,0,0,1,0,0,0,0,0,0
CG.SINT1.H,CG.SINT1.H_S3,CG.SINT1.H_S3,NA,Cliff.Green,Lower Keys,EPA2,cor,Coral,SINT,Healthy,Epidemic,February,2020,2,2/14/20,0,1,0,0,1,0,3,0,0,0,1,0,0,0,0,0,0
CG.SINT15.D,CG.SINT15.D_S3,CG.SINT15.D_S3,NA,Cliff.Green,Lower Keys,EPA2,cor,Coral,SINT,Lesion,Epidemic,February,2020,2,2/14/20,0,1,0,0,1,0,3,0,0,0,1,0,0,0,0,0,0
CG.SINT15.U,CG.SINT15.U_S3,CG.SINT15.U_S3,NA,Cliff.Green,Lower Keys,EPA2,cor,Coral,SINT,Unaffected,Epidemic,February,2020,2,2/14/20,0,1,0,0,1,0,3,0,0,0,1,0,0,0,0,0,0
CG.SINT2.H,CG.SINT2.H_S3,CG.SINT2.H_S3,NA,Cliff.Green,Lower Keys,EPA2,cor,Coral,SINT,Healthy,Epidemic,February,2020,2,2/14/20,0,1,0,0,1,0,3,0,0,0,1,0,0,0,0,0,0
CG.SINT3.H,CG.SINT3.H_S3,CG.SINT3.H_S3,NA,Cliff.Green,Lower Keys,EPA2,cor,Coral,SINT,Healthy,Epidemic,February,2020,2,2/14/20,0,1,0,0,1,0,3,0,0,0,1,0,0,0,0,0,0
CG.SINT4.H,CG.SINT4.H_S3,CG.SINT4.H_S3,NA,Cliff.Green,Lower Keys,EPA2,cor,Coral,SINT,Healthy,Epidemic,February,2020,2,2/14/20,0,1,0,0,1,0,3,0,0,0,1,0,0,0,0,0,0
CG.SINT5.H,CG.SINT5.H_S3,CG.SINT5.H_S3,NA,Cliff.Green,Lower Keys,EPA2,cor,Coral,SINT,Healthy,Epidemic,February,2020,2,2/14/20,0,1,0,0,1,0,3,0,0,0,1,0,0,0,0,0,0
CG.SINT6.H,CG.SINT6.H_S3,CG.SINT6.H_S3,NA,Cliff.Green,Lower Keys,EPA2,cor,Coral,SINT,Healthy,Epidemic,February,2020,2,2/14/20,0,1,0,0,1,0,3,0,0,0,1,0,0,0,0,0,0
CG.1.S,CG.1.S_S6,CG.1.S_S6,NA,Cliff.Green,Lower Keys,EPA2,sed,Sediment,Sediment,NA,Epidemic,February,2020,2,2/12/20,0,1,0,1,0,0,3,3,0,0,0,0,0,1,0,0,0
CG.10.S,CG.10.S_S6,CG.10.S_S6,NA,Cliff.Green,Lower Keys,EPA2,sed,Sediment,Sediment,NA,Epidemic,February,2020,2,2/12/20,0,1,0,1,0,0,3,3,0,0,0,0,0,1,0,0,0
CG.12.S,CG.12.S_S6,CG.12.S_S6,NA,Cliff.Green,Lower Keys,EPA2,sed,Sediment,Sediment,NA,Epidemic,February,2020,2,2/12/20,0,1,0,1,0,0,3,3,0,0,0,0,0,1,0,0,0
CG.2.S,CG.2.S_S6,CG.2.S_S6,NA,Cliff.Green,Lower Keys,EPA2,sed,Sediment,Sediment,NA,Epidemic,February,2020,2,2/12/20,0,1,0,1,0,0,3,3,0,0,0,0,0,1,0,0,0
CG.3.S,CG.3.S_S6,CG.3.S_S6,NA,Cliff.Green,Lower Keys,EPA2,sed,Sediment,Sediment,NA,Epidemic,February,2020,2,2/12/20,0,1,0,1,0,0,3,3,0,0,0,0,0,1,0,0,0
CG.4.S,CG.4.S_S6,CG.4.S_S6,NA,Cliff.Green,Lower Keys,EPA2,sed,Sediment,Sediment,NA,Epidemic,February,2020,2,2/12/20,0,1,0,1,0,0,3,3,0,0,0,0,0,1,0,0,0
CG.5.S,CG.5.S_S6,CG.5.S_S6,NA,Cliff.Green,Lower Keys,EPA2,sed,Sediment,Sediment,NA,Epidemic,February,2020,2,2/12/20,0,1,0,1,0,0,3,3,0,0,0,0,0,1,0,0,0
CG.6.S,CG.6.S_S6,CG.6.S_S6,NA,Cliff.Green,Lower Keys,EPA2,sed,Sediment,Sediment,NA,Epidemic,February,2020,2,2/12/20,0,1,0,1,0,0,3,3,0,0,0,0,0,1,0,0,0
CG.7.S,CG.7.S_S6,CG.7.S_S6,NA,Cliff.Green,Lower Keys,EPA2,sed,Sediment,Sediment,NA,Epidemic,February,2020,2,2/12/20,0,1,0,1,0,0,3,3,0,0,0,0,0,1,0,0,0
CG.9.S,CG.9.S_S6,CG.9.S_S6,NA,Cliff.Green,Lower Keys,EPA2,sed,Sediment,Sediment,NA,Epidemic,February,2020,2,2/12/20,0,1,0,1,0,0,3,3,0,0,0,0,0,1,0,0,0
CG10.W,CG10.W_S8,CG10.W_S8,NA,Cliff.Green,Lower Keys,EPA2,water,Water,Water,NA,Epidemic,February,2020,2,2/12/20,0,1,0,0,0,1,3,2,0,0,0,0,0,0,0,0,1
CG11.W,CG11.W_S8,CG11.W_S8,NA,Cliff.Green,Lower Keys,EPA2,water,Water,Water,NA,Epidemic,February,2020,2,2/12/20,0,1,0,0,0,1,3,2,0,0,0,0,0,0,0,0,1
CG12.W,CG12.W_S8,CG12.W_S8,NA,Cliff.Green,Lower Keys,EPA2,water,Water,Water,NA,Epidemic,February,2020,2,2/12/20,0,1,0,0,0,1,3,2,0,0,0,0,0,0,0,0,1
CG2.W,CG2.W_S8,CG2.W_S8,NA,Cliff.Green,Lower Keys,EPA2,water,Water,Water,NA,Epidemic,February,2020,2,2/12/20,0,1,0,0,0,1,3,2,0,0,0,0,0,0,0,0,1
CG3.W,CG3.W_S8,CG3.W_S8,NA,Cliff.Green,Lower Keys,EPA2,water,Water,Water,NA,Epidemic,February,2020,2,2/12/20,0,1,0,0,0,1,3,2,0,0,0,0,0,0,0,0,1
CG4.W,CG4.W_S8,CG4.W_S8,NA,Cliff.Green,Lower Keys,EPA2,water,Water,Water,NA,Epidemic,February,2020,2,2/12/20,0,1,0,0,0,1,3,2,0,0,0,0,0,0,0,0,1
CG5.W,CG5.W_S8,CG5.W_S8,NA,Cliff.Green,Lower Keys,EPA2,water,Water,Water,NA,Epidemic,February,2020,2,2/12/20,0,1,0,0,0,1,3,2,0,0,0,0,0,0,0,0,1
CG6.W,CG6.W_S8,CG6.W_S8,NA,Cliff.Green,Lower Keys,EPA2,water,Water,Water,NA,Epidemic,February,2020,2,2/12/20,0,1,0,0,0,1,3,2,0,0,0,0,0,0,0,0,1
CG8.W,CG8.W_S8,CG8.W_S8,NA,Cliff.Green,Lower Keys,EPA2,water,Water,Water,NA,Epidemic,February,2020,2,2/12/20,0,1,0,0,0,1,3,2,0,0,0,0,0,0,0,0,1
CG9.W,CG9.W_S8,CG9.W_S8,NA,Cliff.Green,Lower Keys,EPA2,water,Water,Water,NA,Epidemic,February,2020,2,2/12/20,0,1,0,0,0,1,3,2,0,0,0,0,0,0,0,0,1
XP.MCAV.En1,XP.MCAV.En1_S5,XP.MCAV.En1_S5,Site-G,Xesto.Patch,Lower Keys,EPA2,cor,Coral,MCAV,Healthy,Endemic,February,2021,3,2/12/21,0,0,1,0,1,0,1,0,0,1,0,0,0,0,0,0,0
XP.MCAV.En2,XP.MCAV.En2_S5,XP.MCAV.En2_S5,Site-G,Xesto.Patch,Lower Keys,EPA2,cor,Coral,MCAV,Healthy,Endemic,February,2021,3,2/12/21,0,0,1,0,1,0,1,0,0,1,0,0,0,0,0,0,0
XP.MCAV.En3,XP.MCAV.En3_S5,XP.MCAV.En3_S5,Site-G,Xesto.Patch,Lower Keys,EPA2,cor,Coral,MCAV,Healthy,Endemic,February,2021,3,2/12/21,0,0,1,0,1,0,1,0,0,1,0,0,0,0,0,0,0
XP.MCAV.En4,XP.MCAV.En4_S5,XP.MCAV.En4_S5,Site-G,Xesto.Patch,Lower Keys,EPA2,cor,Coral,MCAV,Healthy,Endemic,February,2021,3,2/12/21,0,0,1,0,1,0,1,0,0,1,0,0,0,0,0,0,0
XP.MCAV.En5,XP.MCAV.En5_S5,XP.MCAV.En5_S5,Site-G,Xesto.Patch,Lower Keys,EPA2,cor,Coral,MCAV,Healthy,Endemic,February,2021,3,2/12/21,0,0,1,0,1,0,1,0,0,1,0,0,0,0,0,0,0
XP.MCAV.En6,XP.MCAV.En6_S5,XP.MCAV.En6_S5,Site-G,Xesto.Patch,Lower Keys,EPA2,cor,Coral,MCAV,Healthy,Endemic,February,2021,3,2/12/21,0,0,1,0,1,0,1,0,0,1,0,0,0,0,0,0,0
XP.OFAV.En1,XP.OFAV.En1_S5,XP.OFAV.En1_S5,Site-G,Xesto.Patch,Lower Keys,EPA2,cor,Coral,OFAV,Healthy,Endemic,February,2021,3,2/12/21,0,0,1,0,1,0,1,0,0,1,0,0,0,0,0,0,0
XP.OFAV.En2,XP.OFAV.En2_S5,XP.OFAV.En2_S5,Site-G,Xesto.Patch,Lower Keys,EPA2,cor,Coral,OFAV,Healthy,Endemic,February,2021,3,2/12/21,0,0,1,0,1,0,1,0,0,1,0,0,0,0,0,0,0
XP.OFAV.En3,XP.OFAV.En3_S5,XP.OFAV.En3_S5,Site-G,Xesto.Patch,Lower Keys,EPA2,cor,Coral,OFAV,Healthy,Endemic,February,2021,3,2/12/21,0,0,1,0,1,0,1,0,0,1,0,0,0,0,0,0,0
XP.OFAV.En4,XP.OFAV.En4_S5,XP.OFAV.En4_S5,Site-G,Xesto.Patch,Lower Keys,EPA2,cor,Coral,OFAV,Healthy,Endemic,February,2021,3,2/12/21,0,0,1,0,1,0,1,0,0,1,0,0,0,0,0,0,0
XP.OFAV.En5,XP.OFAV.En5_S5,XP.OFAV.En5_S5,Site-G,Xesto.Patch,Lower Keys,EPA2,cor,Coral,OFAV,Healthy,Endemic,February,2021,3,2/12/21,0,0,1,0,1,0,1,0,0,1,0,0,0,0,0,0,0
XP.OFAV.En6,XP.OFAV.En6_S5,XP.OFAV.En6_S5,Site-G,Xesto.Patch,Lower Keys,EPA2,cor,Coral,OFAV,Healthy,Endemic,February,2021,3,2/12/21,0,0,1,0,1,0,1,0,0,1,0,0,0,0,0,0,0
XP.PSTR.En1,XP.PSTR.En1_S5,XP.PSTR.En1_S5,Site-G,Xesto.Patch,Lower Keys,EPA2,cor,Coral,PSTR,Healthy,Endemic,February,2021,3,2/12/21,0,0,1,0,1,0,1,0,0,1,0,0,0,0,0,0,0
XP.PSTR.En2,XP.PSTR.En2_S5,XP.PSTR.En2_S5,Site-G,Xesto.Patch,Lower Keys,EPA2,cor,Coral,PSTR,Healthy,Endemic,February,2021,3,2/12/21,0,0,1,0,1,0,1,0,0,1,0,0,0,0,0,0,0
XP.PSTR.En3,XP.PSTR.En3_S5,XP.PSTR.En3_S5,Site-G,Xesto.Patch,Lower Keys,EPA2,cor,Coral,PSTR,Healthy,Endemic,February,2021,3,2/12/21,0,0,1,0,1,0,1,0,0,1,0,0,0,0,0,0,0
XP.PSTR.En4,XP.PSTR.En4_S5,XP.PSTR.En4_S5,Site-G,Xesto.Patch,Lower Keys,EPA2,cor,Coral,PSTR,Healthy,Endemic,February,2021,3,2/12/21,0,0,1,0,1,0,1,0,0,1,0,0,0,0,0,0,0
XP.PSTR.En5,XP.PSTR.En5_S5,XP.PSTR.En5_S5,Site-G,Xesto.Patch,Lower Keys,EPA2,cor,Coral,PSTR,Healthy,Endemic,February,2021,3,2/12/21,0,0,1,0,1,0,1,0,0,1,0,0,0,0,0,0,0
XP.PSTR.En6,XP.PSTR.En6_S5,XP.PSTR.En6_S5,Site-G,Xesto.Patch,Lower Keys,EPA2,cor,Coral,PSTR,Healthy,Endemic,February,2021,3,2/12/21,0,0,1,0,1,0,1,0,0,1,0,0,0,0,0,0,0
XP.En1.S,XP.En1.S_S7,XP.En1.S_S7,Site-G,Xesto.Patch,Lower Keys,EPA2,sed,Sediment,Sediment,NA,Endemic,February,2021,3,2/12/21,0,0,1,1,0,0,1,3,0,0,0,0,1,0,0,0,0
XP.En10.S,XP.En10.S_S7,XP.En10.S_S7,Site-G,Xesto.Patch,Lower Keys,EPA2,sed,Sediment,Sediment,NA,Endemic,February,2021,3,2/12/21,0,0,1,1,0,0,1,3,0,0,0,0,1,0,0,0,0
XP.En12.S,XP.En12.S_S7,XP.En12.S_S7,Site-G,Xesto.Patch,Lower Keys,EPA2,sed,Sediment,Sediment,NA,Endemic,February,2021,3,2/12/21,0,0,1,1,0,0,1,3,0,0,0,0,1,0,0,0,0
XP.En2.S,XP.En2.S_S7,XP.En2.S_S7,Site-G,Xesto.Patch,Lower Keys,EPA2,sed,Sediment,Sediment,NA,Endemic,February,2021,3,2/12/21,0,0,1,1,0,0,1,3,0,0,0,0,1,0,0,0,0
XP.En3.S,XP.En3.S_S7,XP.En3.S_S7,Site-G,Xesto.Patch,Lower Keys,EPA2,sed,Sediment,Sediment,NA,Endemic,February,2021,3,2/12/21,0,0,1,1,0,0,1,3,0,0,0,0,1,0,0,0,0
XP.En5.S,XP.En5.S_S7,XP.En5.S_S7,Site-G,Xesto.Patch,Lower Keys,EPA2,sed,Sediment,Sediment,NA,Endemic,February,2021,3,2/12/21,0,0,1,1,0,0,1,3,0,0,0,0,1,0,0,0,0
XP.En6.S,XP.En6.S_S7,XP.En6.S_S7,Site-G,Xesto.Patch,Lower Keys,EPA2,sed,Sediment,Sediment,NA,Endemic,February,2021,3,2/12/21,0,0,1,1,0,0,1,3,0,0,0,0,1,0,0,0,0
XP.En7.S,XP.En7.S_S7,XP.En7.S_S7,Site-G,Xesto.Patch,Lower Keys,EPA2,sed,Sediment,Sediment,NA,Endemic,February,2021,3,2/12/21,0,0,1,1,0,0,1,3,0,0,0,0,1,0,0,0,0
XP.En8.S,XP.En8.S_S7,XP.En8.S_S7,Site-G,Xesto.Patch,Lower Keys,EPA2,sed,Sediment,Sediment,NA,Endemic,February,2021,3,2/12/21,0,0,1,1,0,0,1,3,0,0,0,0,1,0,0,0,0
XP.En9.S,XP.En9.S_S7,XP.En9.S_S7,Site-G,Xesto.Patch,Lower Keys,EPA2,sed,Sediment,Sediment,NA,Endemic,February,2021,3,2/12/21,0,0,1,1,0,0,1,3,0,0,0,0,1,0,0,0,0
XP.En1.W,XP.En1.W_S8,XP.En1.W_S8,Site-G,Xesto.Patch,Lower Keys,EPA2,water,Water,Water,NA,Endemic,February,2021,3,2/12/21,0,0,1,0,0,1,1,2,0,0,0,0,0,0,0,1,0
XP.En10.W,XP.En10.W_S8,XP.En10.W_S8,Site-G,Xesto.Patch,Lower Keys,EPA2,water,Water,Water,NA,Endemic,February,2021,3,2/12/21,0,0,1,0,0,1,1,2,0,0,0,0,0,0,0,1,0
XP.En11.W,XP.En11.W_S8,XP.En11.W_S8,Site-G,Xesto.Patch,Lower Keys,EPA2,water,Water,Water,NA,Endemic,February,2021,3,2/12/21,0,0,1,0,0,1,1,2,0,0,0,0,0,0,0,1,0
XP.En12.W,XP.En12.W_S8,XP.En12.W_S8,Site-G,Xesto.Patch,Lower Keys,EPA2,water,Water,Water,NA,Endemic,February,2021,3,2/12/21,0,0,1,0,0,1,1,2,0,0,0,0,0,0,0,1,0
XP.En3.W,XP.En3.W_S8,XP.En3.W_S8,Site-G,Xesto.Patch,Lower Keys,EPA2,water,Water,Water,NA,Endemic,February,2021,3,2/12/21,0,0,1,0,0,1,1,2,0,0,0,0,0,0,0,1,0
XP.En4.W,XP.En4.W_S8,XP.En4.W_S8,Site-G,Xesto.Patch,Lower Keys,EPA2,water,Water,Water,NA,Endemic,February,2021,3,2/12/21,0,0,1,0,0,1,1,2,0,0,0,0,0,0,0,1,0
XP.En5.W,XP.En5.W_S8,XP.En5.W_S8,Site-G,Xesto.Patch,Lower Keys,EPA2,water,Water,Water,NA,Endemic,February,2021,3,2/12/21,0,0,1,0,0,1,1,2,0,0,0,0,0,0,0,1,0
XP.En6.W,XP.En6.W_S8,XP.En6.W_S8,Site-G,Xesto.Patch,Lower Keys,EPA2,water,Water,Water,NA,Endemic,February,2021,3,2/12/21,0,0,1,0,0,1,1,2,0,0,0,0,0,0,0,1,0
XP.En8.W,XP.En8.W_S8,XP.En8.W_S8,Site-G,Xesto.Patch,Lower Keys,EPA2,water,Water,Water,NA,Endemic,February,2021,3,2/12/21,0,0,1,0,0,1,1,2,0,0,0,0,0,0,0,1,0
XP.En9.W,XP.En9.W_S8,XP.En9.W_S8,Site-G,Xesto.Patch,Lower Keys,EPA2,water,Water,Water,NA,Endemic,February,2021,3,2/12/21,0,0,1,0,0,1,1,2,0,0,0,0,0,0,0,1,0
LP.MCAV.En1,LP.MCAV.En1_S5,LP.MCAV.En1_S5,Site-H,Lindsays.Patch,Lower Keys,EPA2,cor,Coral,MCAV,Healthy,Endemic,February,2021,3,2/12/21,0,0,1,0,1,0,1,0,0,1,0,0,0,0,0,0,0
LP.MCAV.En2,LP.MCAV.En2_S5,LP.MCAV.En2_S5,Site-H,Lindsays.Patch,Lower Keys,EPA2,cor,Coral,MCAV,Healthy,Endemic,February,2021,3,2/12/21,0,0,1,0,1,0,1,0,0,1,0,0,0,0,0,0,0
LP.MCAV.En3,LP.MCAV.En3_S5,LP.MCAV.En3_S5,Site-H,Lindsays.Patch,Lower Keys,EPA2,cor,Coral,MCAV,Healthy,Endemic,February,2021,3,2/12/21,0,0,1,0,1,0,1,0,0,1,0,0,0,0,0,0,0
LP.MCAV.En4,LP.MCAV.En4_S5,LP.MCAV.En4_S5,Site-H,Lindsays.Patch,Lower Keys,EPA2,cor,Coral,MCAV,Healthy,Endemic,February,2021,3,2/12/21,0,0,1,0,1,0,1,0,0,1,0,0,0,0,0,0,0
LP.MCAV.En5,LP.MCAV.En5_S5,LP.MCAV.En5_S5,Site-H,Lindsays.Patch,Lower Keys,EPA2,cor,Coral,MCAV,Healthy,Endemic,February,2021,3,2/12/21,0,0,1,0,1,0,1,0,0,1,0,0,0,0,0,0,0
LP.MCAV.En6,LP.MCAV.En6_S5,LP.MCAV.En6_S5,Site-H,Lindsays.Patch,Lower Keys,EPA2,cor,Coral,MCAV,Healthy,Endemic,February,2021,3,2/12/21,0,0,1,0,1,0,1,0,0,1,0,0,0,0,0,0,0
LP.OFAV.En1,LP.OFAV.En1_S5,LP.OFAV.En1_S5,Site-H,Lindsays.Patch,Lower Keys,EPA2,cor,Coral,OFAV,Healthy,Endemic,February,2021,3,2/12/21,0,0,1,0,1,0,1,0,0,1,0,0,0,0,0,0,0
LP.OFAV.En2,LP.OFAV.En2_S5,LP.OFAV.En2_S5,Site-H,Lindsays.Patch,Lower Keys,EPA2,cor,Coral,OFAV,Healthy,Endemic,February,2021,3,2/12/21,0,0,1,0,1,0,1,0,0,1,0,0,0,0,0,0,0
LP.OFAV.En3,LP.OFAV.En3_S5,LP.OFAV.En3_S5,Site-H,Lindsays.Patch,Lower Keys,EPA2,cor,Coral,OFAV,Healthy,Endemic,February,2021,3,2/12/21,0,0,1,0,1,0,1,0,0,1,0,0,0,0,0,0,0
LP.OFAV.En4,LP.OFAV.En4_S5,LP.OFAV.En4_S5,Site-H,Lindsays.Patch,Lower Keys,EPA2,cor,Coral,OFAV,Healthy,Endemic,February,2021,3,2/12/21,0,0,1,0,1,0,1,0,0,1,0,0,0,0,0,0,0
LP.OFAV.En5,LP.OFAV.En5_S5,LP.OFAV.En5_S5,Site-H,Lindsays.Patch,Lower Keys,EPA2,cor,Coral,OFAV,Healthy,Endemic,February,2021,3,2/12/21,0,0,1,0,1,0,1,0,0,1,0,0,0,0,0,0,0
LP.OFAV.En6,LP.OFAV.En6_S5,LP.OFAV.En6_S5,Site-H,Lindsays.Patch,Lower Keys,EPA2,cor,Coral,OFAV,Healthy,Endemic,February,2021,3,2/12/21,0,0,1,0,1,0,1,0,0,1,0,0,0,0,0,0,0
LP.PSTR.En1,LP.PSTR.En1_S5,LP.PSTR.En1_S5,Site-H,Lindsays.Patch,Lower Keys,EPA2,cor,Coral,PSTR,Healthy,Endemic,February,2021,3,2/12/21,0,0,1,0,1,0,1,0,0,1,0,0,0,0,0,0,0
LP.PSTR.En2,LP.PSTR.En2_S6,LP.PSTR.En2_S6,Site-H,Lindsays.Patch,Lower Keys,EPA2,cor,Coral,PSTR,Healthy,Endemic,February,2021,3,2/12/21,0,0,1,0,1,0,1,0,0,1,0,0,0,0,0,0,0
LP.PSTR.En3,LP.PSTR.En3_S6,LP.PSTR.En3_S6,Site-H,Lindsays.Patch,Lower Keys,EPA2,cor,Coral,PSTR,Healthy,Endemic,February,2021,3,2/12/21,0,0,1,0,1,0,1,0,0,1,0,0,0,0,0,0,0
LP.PSTR.En4,LP.PSTR.En4_S6,LP.PSTR.En4_S6,Site-H,Lindsays.Patch,Lower Keys,EPA2,cor,Coral,PSTR,Healthy,Endemic,February,2021,3,2/12/21,0,0,1,0,1,0,1,0,0,1,0,0,0,0,0,0,0
LP.PSTR.En5,LP.PSTR.En5_S6,LP.PSTR.En5_S6,Site-H,Lindsays.Patch,Lower Keys,EPA2,cor,Coral,PSTR,Healthy,Endemic,February,2021,3,2/12/21,0,0,1,0,1,0,1,0,0,1,0,0,0,0,0,0,0
LP.PSTR.En6,LP.PSTR.En6_S6,LP.PSTR.En6_S6,Site-H,Lindsays.Patch,Lower Keys,EPA2,cor,Coral,PSTR,Healthy,Endemic,February,2021,3,2/12/21,0,0,1,0,1,0,1,0,0,1,0,0,0,0,0,0,0
LP.En1.S,LP.En1.S_S7,LP.En1.S_S7,Site-H,Lindsays.Patch,Lower Keys,EPA2,sed,Sediment,Sediment,NA,Endemic,February,2021,3,2/12/21,0,0,1,1,0,0,1,3,0,0,0,0,1,0,0,0,0
LP.En2.S,LP.En2.S_S7,LP.En2.S_S7,Site-H,Lindsays.Patch,Lower Keys,EPA2,sed,Sediment,Sediment,NA,Endemic,February,2021,3,2/12/21,0,0,1,1,0,0,1,3,0,0,0,0,1,0,0,0,0
LP.En3.S,LP.En3.S_S7,LP.En3.S_S7,Site-H,Lindsays.Patch,Lower Keys,EPA2,sed,Sediment,Sediment,NA,Endemic,February,2021,3,2/12/21,0,0,1,1,0,0,1,3,0,0,0,0,1,0,0,0,0
LP.En4.S,LP.En4.S_S7,LP.En4.S_S7,Site-H,Lindsays.Patch,Lower Keys,EPA2,sed,Sediment,Sediment,NA,Endemic,February,2021,3,2/12/21,0,0,1,1,0,0,1,3,0,0,0,0,1,0,0,0,0
LP.En5.S,LP.En5.S_S7,LP.En5.S_S7,Site-H,Lindsays.Patch,Lower Keys,EPA2,sed,Sediment,Sediment,NA,Endemic,February,2021,3,2/12/21,0,0,1,1,0,0,1,3,0,0,0,0,1,0,0,0,0
LP.En6.S,LP.En6.S_S7,LP.En6.S_S7,Site-H,Lindsays.Patch,Lower Keys,EPA2,sed,Sediment,Sediment,NA,Endemic,February,2021,3,2/12/21,0,0,1,1,0,0,1,3,0,0,0,0,1,0,0,0,0
LP.En7.S,LP.En7.S_S7,LP.En7.S_S7,Site-H,Lindsays.Patch,Lower Keys,EPA2,sed,Sediment,Sediment,NA,Endemic,February,2021,3,2/13/21,0,0,1,1,0,0,1,3,0,0,0,0,1,0,0,0,0
LP.En8.S,LP.En8.S_S7,LP.En8.S_S7,Site-H,Lindsays.Patch,Lower Keys,EPA2,sed,Sediment,Sediment,NA,Endemic,February,2021,3,2/13/21,0,0,1,1,0,0,1,3,0,0,0,0,1,0,0,0,0
LP.En10.S,LP.En10.S_S7,LP.En10.S_S7,Site-H,Lindsays.Patch,Lower Keys,EPA2,sed,Sediment,Sediment,NA,Endemic,February,2021,3,2/13/21,0,0,1,1,0,0,1,3,0,0,0,0,1,0,0,0,0
LP.En12.S,LP.En12.S_S7,LP.En12.S_S7,Site-H,Lindsays.Patch,Lower Keys,EPA2,sed,Sediment,Sediment,NA,Endemic,February,2021,3,2/13/21,0,0,1,1,0,0,1,3,0,0,0,0,1,0,0,0,0
LP.En1.W,LP.En1.W_S8,LP.En1.W_S8,Site-H,Lindsays.Patch,Lower Keys,EPA2,water,Water,Water,NA,Endemic,February,2021,3,2/12/21,0,0,1,0,0,1,1,2,0,0,0,0,0,0,0,1,0
LP.En2.W,LP.En2.W_S8,LP.En2.W_S8,Site-H,Lindsays.Patch,Lower Keys,EPA2,water,Water,Water,NA,Endemic,February,2021,3,2/12/21,0,0,1,0,0,1,1,2,0,0,0,0,0,0,0,1,0
LP.En3.W,LP.En3.W_S8,LP.En3.W_S8,Site-H,Lindsays.Patch,Lower Keys,EPA2,water,Water,Water,NA,Endemic,February,2021,3,2/12/21,0,0,1,0,0,1,1,2,0,0,0,0,0,0,0,1,0
LP.En4.W,LP.En4.W_S8,LP.En4.W_S8,Site-H,Lindsays.Patch,Lower Keys,EPA2,water,Water,Water,NA,Endemic,February,2021,3,2/12/21,0,0,1,0,0,1,1,2,0,0,0,0,0,0,0,1,0
LP.En6.W,LP.En6.W_S8,LP.En6.W_S8,Site-H,Lindsays.Patch,Lower Keys,EPA2,water,Water,Water,NA,Endemic,February,2021,3,2/12/21,0,0,1,0,0,1,1,2,0,0,0,0,0,0,0,1,0
LP.En7.W,LP.En7.W_S8,LP.En7.W_S8,Site-H,Lindsays.Patch,Lower Keys,EPA2,water,Water,Water,NA,Endemic,February,2021,3,2/13/21,0,0,1,0,0,1,1,2,0,0,0,0,0,0,0,1,0
LP.En8.W,LP.En8.W_S8,LP.En8.W_S8,Site-H,Lindsays.Patch,Lower Keys,EPA2,water,Water,Water,NA,Endemic,February,2021,3,2/13/21,0,0,1,0,0,1,1,2,0,0,0,0,0,0,0,1,0
LP.En9.W,LP.En9.W_S8,LP.En9.W_S8,Site-H,Lindsays.Patch,Lower Keys,EPA2,water,Water,Water,NA,Endemic,February,2021,3,2/13/21,0,0,1,0,0,1,1,2,0,0,0,0,0,0,0,1,0
LP.En10.W,LP.En10.W_S8,LP.En10.W_S8,Site-H,Lindsays.Patch,Lower Keys,EPA2,water,Water,Water,NA,Endemic,February,2021,3,2/13/21,0,0,1,0,0,1,1,2,0,0,0,0,0,0,0,1,0
LP.En12.W,LP.En12.W_S8,LP.En12.W_S8,Site-H,Lindsays.Patch,Lower Keys,EPA2,water,Water,Water,NA,Endemic,February,2021,3,2/13/21,0,0,1,0,0,1,1,2,0,0,0,0,0,0,0,1,0
CG.DSTO.En1,CG.DSTO.En1_S6,CG.DSTO.En1_S6,NA,Cliff.Green,Lower Keys,EPA2,cor,Coral,DSTO,Healthy,Endemic,February,2021,3,2/12/21,0,0,1,0,1,0,1,0,0,1,0,0,0,0,0,0,0
CG.DSTO.En2,CG.DSTO.En2_S6,CG.DSTO.En2_S6,NA,Cliff.Green,Lower Keys,EPA2,cor,Coral,DSTO,Healthy,Endemic,February,2021,3,2/12/21,0,0,1,0,1,0,1,0,0,1,0,0,0,0,0,0,0
CG.DSTO.En3,CG.DSTO.En3_S6,CG.DSTO.En3_S6,NA,Cliff.Green,Lower Keys,EPA2,cor,Coral,DSTO,Healthy,Endemic,February,2021,3,2/12/21,0,0,1,0,1,0,1,0,0,1,0,0,0,0,0,0,0
CG.DSTO.En4,CG.DSTO.En4_S6,CG.DSTO.En4_S6,NA,Cliff.Green,Lower Keys,EPA2,cor,Coral,DSTO,Healthy,Endemic,February,2021,3,2/12/21,0,0,1,0,1,0,1,0,0,1,0,0,0,0,0,0,0
CG.DSTO.En5,CG.DSTO.En5_S6,CG.DSTO.En5_S6,NA,Cliff.Green,Lower Keys,EPA2,cor,Coral,DSTO,Healthy,Endemic,February,2021,3,2/12/21,0,0,1,0,1,0,1,0,0,1,0,0,0,0,0,0,0
CG.DSTO.En6,CG.DSTO.En6_S6,CG.DSTO.En6_S6,NA,Cliff.Green,Lower Keys,EPA2,cor,Coral,DSTO,Healthy,Endemic,February,2021,3,2/12/21,0,0,1,0,1,0,1,0,0,1,0,0,0,0,0,0,0
CG.SINT.En1,CG.SINT.En1_S6,CG.SINT.En1_S6,NA,Cliff.Green,Lower Keys,EPA2,cor,Coral,SINT,Healthy,Endemic,February,2021,3,2/12/21,0,0,1,0,1,0,1,0,0,1,0,0,0,0,0,0,0
CG.SINT.En2,CG.SINT.En2_S6,CG.SINT.En2_S6,NA,Cliff.Green,Lower Keys,EPA2,cor,Coral,SINT,Healthy,Endemic,February,2021,3,2/12/21,0,0,1,0,1,0,1,0,0,1,0,0,0,0,0,0,0
CG.SINT.En3,CG.SINT.En3_S6,CG.SINT.En3_S6,NA,Cliff.Green,Lower Keys,EPA2,cor,Coral,SINT,Healthy,Endemic,February,2021,3,2/12/21,0,0,1,0,1,0,1,0,0,1,0,0,0,0,0,0,0
CG.SINT.En4,CG.SINT.En4_S6,CG.SINT.En4_S6,NA,Cliff.Green,Lower Keys,EPA2,cor,Coral,SINT,Healthy,Endemic,February,2021,3,2/12/21,0,0,1,0,1,0,1,0,0,1,0,0,0,0,0,0,0
CG.SINT.En5,CG.SINT.En5_S6,CG.SINT.En5_S6,NA,Cliff.Green,Lower Keys,EPA2,cor,Coral,SINT,Healthy,Endemic,February,2021,3,2/12/21,0,0,1,0,1,0,1,0,0,1,0,0,0,0,0,0,0
CG.SINT.En6,CG.SINT.En6_S6,CG.SINT.En6_S6,NA,Cliff.Green,Lower Keys,EPA2,cor,Coral,SINT,Healthy,Endemic,February,2021,3,2/12/21,0,0,1,0,1,0,1,0,0,1,0,0,0,0,0,0,0
CG.En1.S,CG.En1.S_S7,CG.En1.S_S7,NA,Cliff.Green,Lower Keys,EPA2,sed,Sediment,Sediment,NA,Endemic,February,2021,3,2/13/21,0,0,1,1,0,0,1,3,0,0,0,0,1,0,0,0,0
CG.En10.S,CG.En10.S_S7,CG.En10.S_S7,NA,Cliff.Green,Lower Keys,EPA2,sed,Sediment,Sediment,NA,Endemic,February,2021,3,2/13/21,0,0,1,1,0,0,1,3,0,0,0,0,1,0,0,0,0
CG.En11.S,CG.En11.S_S7,CG.En11.S_S7,NA,Cliff.Green,Lower Keys,EPA2,sed,Sediment,Sediment,NA,Endemic,February,2021,3,2/13/21,0,0,1,1,0,0,1,3,0,0,0,0,1,0,0,0,0
CG.En2.S,CG.En2.S_S7,CG.En2.S_S7,NA,Cliff.Green,Lower Keys,EPA2,sed,Sediment,Sediment,NA,Endemic,February,2021,3,2/13/21,0,0,1,1,0,0,1,3,0,0,0,0,1,0,0,0,0
CG.En3.S,CG.En3.S_S7,CG.En3.S_S7,NA,Cliff.Green,Lower Keys,EPA2,sed,Sediment,Sediment,NA,Endemic,February,2021,3,2/13/21,0,0,1,1,0,0,1,3,0,0,0,0,1,0,0,0,0
CG.En4.S,CG.En4.S_S7,CG.En4.S_S7,NA,Cliff.Green,Lower Keys,EPA2,sed,Sediment,Sediment,NA,Endemic,February,2021,3,2/13/21,0,0,1,1,0,0,1,3,0,0,0,0,1,0,0,0,0
CG.En5.S,CG.En5.S_S7,CG.En5.S_S7,NA,Cliff.Green,Lower Keys,EPA2,sed,Sediment,Sediment,NA,Endemic,February,2021,3,2/13/21,0,0,1,1,0,0,1,3,0,0,0,0,1,0,0,0,0
CG.En6.S,CG.En6.S_S7,CG.En6.S_S7,NA,Cliff.Green,Lower Keys,EPA2,sed,Sediment,Sediment,NA,Endemic,February,2021,3,2/13/21,0,0,1,1,0,0,1,3,0,0,0,0,1,0,0,0,0
CG.En8.S,CG.En8.S_S7,CG.En8.S_S7,NA,Cliff.Green,Lower Keys,EPA2,sed,Sediment,Sediment,NA,Endemic,February,2021,3,2/13/21,0,0,1,1,0,0,1,3,0,0,0,0,1,0,0,0,0
CG.En9.S,CG.En9.S_S7,CG.En9.S_S7,NA,Cliff.Green,Lower Keys,EPA2,sed,Sediment,Sediment,NA,Endemic,February,2021,3,2/13/21,0,0,1,1,0,0,1,3,0,0,0,0,1,0,0,0,0
CG.En1.W,CG.En1.W_S8,CG.En1.W_S8,NA,Cliff.Green,Lower Keys,EPA2,water,Water,Water,NA,Endemic,February,2021,3,2/13/21,0,0,1,0,0,1,1,2,0,0,0,0,0,0,0,1,0
CG.En11.W,CG.En11.W_S9,CG.En11.W_S9,NA,Cliff.Green,Lower Keys,EPA2,water,Water,Water,NA,Endemic,February,2021,3,2/13/21,0,0,1,0,0,1,1,2,0,0,0,0,0,0,0,1,0
CG.En12.W,CG.En12.W_S9,CG.En12.W_S9,NA,Cliff.Green,Lower Keys,EPA2,water,Water,Water,NA,Endemic,February,2021,3,2/13/21,0,0,1,0,0,1,1,2,0,0,0,0,0,0,0,1,0
CG.En2.W,CG.En2.W_S9,CG.En2.W_S9,NA,Cliff.Green,Lower Keys,EPA2,water,Water,Water,NA,Endemic,February,2021,3,2/13/21,0,0,1,0,0,1,1,2,0,0,0,0,0,0,0,1,0
CG.En3.W,CG.En3.W_S9,CG.En3.W_S9,NA,Cliff.Green,Lower Keys,EPA2,water,Water,Water,NA,Endemic,February,2021,3,2/13/21,0,0,1,0,0,1,1,2,0,0,0,0,0,0,0,1,0
CG.En4.W,CG.En4.W_S9,CG.En4.W_S9,NA,Cliff.Green,Lower Keys,EPA2,water,Water,Water,NA,Endemic,February,2021,3,2/13/21,0,0,1,0,0,1,1,2,0,0,0,0,0,0,0,1,0
CG.En5.W,CG.En5.W_S9,CG.En5.W_S9,NA,Cliff.Green,Lower Keys,EPA2,water,Water,Water,NA,Endemic,February,2021,3,2/13/21,0,0,1,0,0,1,1,2,0,0,0,0,0,0,0,1,0
CG.En7.W,CG.En7.W_S9,CG.En7.W_S9,NA,Cliff.Green,Lower Keys,EPA2,water,Water,Water,NA,Endemic,February,2021,3,2/13/21,0,0,1,0,0,1,1,2,0,0,0,0,0,0,0,1,0
CG.En8.W,CG.En8.W_S9,CG.En8.W_S9,NA,Cliff.Green,Lower Keys,EPA2,water,Water,Water,NA,Endemic,February,2021,3,2/13/21,0,0,1,0,0,1,1,2,0,0,0,0,0,0,0,1,0
CG.En9.W,CG.En9.W_S9,CG.En9.W_S9,NA,Cliff.Green,Lower Keys,EPA2,water,Water,Water,NA,Endemic,February,2021,3,2/13/21,0,0,1,0,0,1,1,2,0,0,0,0,0,0,0,1,0